workload,period,requests,context_tokens,generated_tokens
code,2024-05-10 00:00:00+00:00,41049,100690197,1070717
code,2024-05-10 00:30:00+00:00,36491,90340230,880085
code,2024-05-10 01:00:00+00:00,37216,86166839,890935
code,2024-05-10 01:30:00+00:00,39679,86557991,1007133
code,2024-05-10 02:00:00+00:00,35300,85261387,923620
code,2024-05-10 02:30:00+00:00,31653,77693405,797494
code,2024-05-10 03:00:00+00:00,27450,67087638,676346
code,2024-05-10 03:30:00+00:00,30331,75407996,775129
code,2024-05-10 04:00:00+00:00,25843,67027784,607156
code,2024-05-10 04:30:00+00:00,20732,56185610,550159
code,2024-05-10 05:00:00+00:00,20171,49434780,527787
code,2024-05-10 05:30:00+00:00,18499,45317177,456564
code,2024-05-10 06:00:00+00:00,16407,40385681,449679
code,2024-05-10 06:30:00+00:00,16188,43027409,400993
code,2024-05-10 07:00:00+00:00,14581,38372888,347741
code,2024-05-10 07:30:00+00:00,14686,38471871,386891
code,2024-05-10 08:00:00+00:00,12698,33966852,307137
code,2024-05-10 08:30:00+00:00,13060,34084898,316560
code,2024-05-10 09:00:00+00:00,14994,41021109,374858
code,2024-05-10 09:30:00+00:00,13510,37109356,369263
code,2024-05-10 10:00:00+00:00,14658,36333728,383210
code,2024-05-10 10:30:00+00:00,14480,38697150,389219
code,2024-05-10 11:00:00+00:00,17727,45382343,456075
code,2024-05-10 11:30:00+00:00,21442,53363264,542612
code,2024-05-10 12:00:00+00:00,28198,74222619,667709
code,2024-05-10 12:30:00+00:00,41373,108704320,938723
code,2024-05-10 13:00:00+00:00,51798,133465397,1178807
code,2024-05-10 13:30:00+00:00,63771,166528076,1483957
code,2024-05-10 14:00:00+00:00,79105,204790446,1827448
code,2024-05-10 14:30:00+00:00,97026,249100652,2179486
code,2024-05-10 15:00:00+00:00,103255,256798184,2366832
code,2024-05-10 15:30:00+00:00,96810,246273435,2208681
code,2024-05-10 16:00:00+00:00,88776,231442402,2027410
code,2024-05-10 16:30:00+00:00,91261,237465538,2121342
code,2024-05-10 17:00:00+00:00,102673,257757194,2296347
code,2024-05-10 17:30:00+00:00,102681,263684572,2281436
code,2024-05-10 18:00:00+00:00,106696,277251916,2403951
code,2024-05-10 18:30:00+00:00,107258,276203733,2312964
code,2024-05-10 19:00:00+00:00,104591,272665788,2283069
code,2024-05-10 19:30:00+00:00,117179,314730321,2590769
code,2024-05-10 20:00:00+00:00,112019,293006877,2524041
code,2024-05-10 20:30:00+00:00,99688,262243523,2197253
code,2024-05-10 21:00:00+00:00,81586,214643529,1825398
code,2024-05-10 21:30:00+00:00,73210,186596204,1722075
code,2024-05-10 22:00:00+00:00,59675,152641420,1453458
code,2024-05-10 22:30:00+00:00,54902,134550658,1290612
code,2024-05-10 23:00:00+00:00,42597,103339705,986101
code,2024-05-10 23:30:00+00:00,35171,83398778,818752
code,2024-05-11 00:00:00+00:00,31734,72170267,786336
code,2024-05-11 00:30:00+00:00,28952,64893358,669627
code,2024-05-11 01:00:00+00:00,27338,63092512,588365
code,2024-05-11 01:30:00+00:00,26199,56181442,646667
code,2024-05-11 02:00:00+00:00,23325,51090784,591466
code,2024-05-11 02:30:00+00:00,24212,53202581,595348
code,2024-05-11 03:00:00+00:00,24138,56702553,568583
code,2024-05-11 03:30:00+00:00,22455,49313759,521664
code,2024-05-11 04:00:00+00:00,20606,46159089,482579
code,2024-05-11 04:30:00+00:00,18893,44203715,482846
code,2024-05-11 05:00:00+00:00,17102,36769021,415321
code,2024-05-11 05:30:00+00:00,14242,31820129,379974
code,2024-05-11 06:00:00+00:00,12813,28979811,346338
code,2024-05-11 06:30:00+00:00,12778,30628071,322661
code,2024-05-11 07:00:00+00:00,10387,22922329,250723
code,2024-05-11 07:30:00+00:00,8300,19004954,213405
code,2024-05-11 08:00:00+00:00,6863,17239276,149473
code,2024-05-11 08:30:00+00:00,6986,16627463,163152
code,2024-05-11 09:00:00+00:00,6314,14559975,128206
code,2024-05-11 09:30:00+00:00,5206,13860675,112320
code,2024-05-11 10:00:00+00:00,4393,12287322,98784
code,2024-05-11 10:30:00+00:00,4693,11699417,105270
code,2024-05-11 11:00:00+00:00,6913,17555187,143850
code,2024-05-11 11:30:00+00:00,8225,19692663,174395
code,2024-05-11 12:00:00+00:00,10896,25144969,255119
code,2024-05-11 12:30:00+00:00,14009,29410811,322873
code,2024-05-11 13:00:00+00:00,15839,31901084,363366
code,2024-05-11 13:30:00+00:00,19798,44293094,488775
code,2024-05-11 14:00:00+00:00,19831,46236062,476783
code,2024-05-11 14:30:00+00:00,22592,55549333,503329
code,2024-05-11 15:00:00+00:00,22697,49746476,545796
code,2024-05-11 15:30:00+00:00,23785,55672482,532443
code,2024-05-11 16:00:00+00:00,24201,54189133,577527
code,2024-05-11 16:30:00+00:00,26326,56445176,597959
code,2024-05-11 17:00:00+00:00,28460,62626503,622972
code,2024-05-11 17:30:00+00:00,29393,62091758,698917
code,2024-05-11 18:00:00+00:00,29312,63461742,731066
code,2024-05-11 18:30:00+00:00,33098,76603499,746152
code,2024-05-11 19:00:00+00:00,32622,75962809,785970
code,2024-05-11 19:30:00+00:00,30728,70780500,758381
code,2024-05-11 20:00:00+00:00,27296,63185048,610597
code,2024-05-11 20:30:00+00:00,28361,66324090,656861
code,2024-05-11 21:00:00+00:00,27890,60572044,674969
code,2024-05-11 21:30:00+00:00,24658,55528320,584380
code,2024-05-11 22:00:00+00:00,27029,56407641,660946
code,2024-05-11 22:30:00+00:00,29152,61253735,740194
code,2024-05-11 23:00:00+00:00,25961,55067346,612104
code,2024-05-11 23:30:00+00:00,22780,47002375,511148
code,2024-05-12 00:00:00+00:00,23208,49276206,569527
code,2024-05-12 00:30:00+00:00,24047,49664950,574255
code,2024-05-12 01:00:00+00:00,24034,50012648,539585
code,2024-05-12 01:30:00+00:00,27251,59776438,651136
code,2024-05-12 02:00:00+00:00,24398,51746374,605574
code,2024-05-12 02:30:00+00:00,21391,47130470,577196
code,2024-05-12 03:00:00+00:00,21577,48659388,491271
code,2024-05-12 03:30:00+00:00,22145,49166979,549886
code,2024-05-12 04:00:00+00:00,20114,43816605,518458
code,2024-05-12 04:30:00+00:00,18080,40050792,452045
code,2024-05-12 05:00:00+00:00,16657,36800655,404672
code,2024-05-12 05:30:00+00:00,13894,32648989,345559
code,2024-05-12 06:00:00+00:00,12908,29688839,332050
code,2024-05-12 06:30:00+00:00,10864,26615329,257019
code,2024-05-12 07:00:00+00:00,8005,19930482,182766
code,2024-05-12 07:30:00+00:00,7005,16412005,189075
code,2024-05-12 08:00:00+00:00,6327,15802159,147754
code,2024-05-12 08:30:00+00:00,5873,17050011,127178
code,2024-05-12 09:00:00+00:00,6183,16443404,137161
code,2024-05-12 09:30:00+00:00,5367,14210295,143710
code,2024-05-12 10:00:00+00:00,6329,15687091,148062
code,2024-05-12 10:30:00+00:00,6300,15472646,149953
code,2024-05-12 11:00:00+00:00,5947,14670942,150479
code,2024-05-12 11:30:00+00:00,7991,18442915,167898
code,2024-05-12 12:00:00+00:00,9315,21491066,243267
code,2024-05-12 12:30:00+00:00,11992,31338398,291127
code,2024-05-12 13:00:00+00:00,12972,33433899,301610
code,2024-05-12 13:30:00+00:00,14215,35081395,355323
code,2024-05-12 14:00:00+00:00,16064,37138264,382617
code,2024-05-12 14:30:00+00:00,19533,41417092,517588
code,2024-05-12 15:00:00+00:00,21538,44182643,512990
code,2024-05-12 15:30:00+00:00,21869,43699452,530957
code,2024-05-12 16:00:00+00:00,22447,46478219,566885
code,2024-05-12 16:30:00+00:00,23808,52082328,568824
code,2024-05-12 17:00:00+00:00,22608,48468451,495166
code,2024-05-12 17:30:00+00:00,24600,52079295,572300
code,2024-05-12 18:00:00+00:00,26571,57615304,637328
code,2024-05-12 18:30:00+00:00,27012,62241485,659116
code,2024-05-12 19:00:00+00:00,27511,60925620,680267
code,2024-05-12 19:30:00+00:00,28628,58602111,681762
code,2024-05-12 20:00:00+00:00,30160,58605254,720104
code,2024-05-12 20:30:00+00:00,32884,64214311,788580
code,2024-05-12 21:00:00+00:00,33032,68491270,743218
code,2024-05-12 21:30:00+00:00,34554,71529641,777540
code,2024-05-12 22:00:00+00:00,32300,67007069,767333
code,2024-05-12 22:30:00+00:00,29004,58282112,699060
code,2024-05-12 23:00:00+00:00,30175,65408390,750627
code,2024-05-12 23:30:00+00:00,30972,68944032,732884
code,2024-05-13 00:00:00+00:00,32113,77799447,735862
code,2024-05-13 00:30:00+00:00,33510,70766210,758031
code,2024-05-13 01:00:00+00:00,32346,70958961,772741
code,2024-05-13 01:30:00+00:00,34227,79579660,834703
code,2024-05-13 02:00:00+00:00,35620,83956634,855074
code,2024-05-13 02:30:00+00:00,30305,72400286,759861
code,2024-05-13 03:00:00+00:00,27996,67311766,708596
code,2024-05-13 03:30:00+00:00,28876,69185897,735049
code,2024-05-13 04:00:00+00:00,25547,60600042,598528
code,2024-05-13 04:30:00+00:00,23421,53345214,559591
code,2024-05-13 05:00:00+00:00,20287,47965110,485397
code,2024-05-13 05:30:00+00:00,20066,52149631,471914
code,2024-05-13 06:00:00+00:00,16763,46165210,440472
code,2024-05-13 06:30:00+00:00,15944,46171137,398591
code,2024-05-13 07:00:00+00:00,15719,42680638,429800
code,2024-05-13 07:30:00+00:00,15501,45397088,368494
code,2024-05-13 08:00:00+00:00,14054,35548653,366112
code,2024-05-13 08:30:00+00:00,14398,39122946,395029
code,2024-05-13 09:00:00+00:00,14177,37104006,386742
code,2024-05-13 09:30:00+00:00,14291,39184678,358390
code,2024-05-13 10:00:00+00:00,14491,37004516,327607
code,2024-05-13 10:30:00+00:00,14789,37402708,372093
code,2024-05-13 11:00:00+00:00,17377,46366632,393177
code,2024-05-13 11:30:00+00:00,26338,64607899,613392
code,2024-05-13 12:00:00+00:00,32338,78724428,839523
code,2024-05-13 12:30:00+00:00,43220,106253009,1027893
code,2024-05-13 13:00:00+00:00,59242,146871762,1404227
code,2024-05-13 13:30:00+00:00,82721,206916606,1915324
code,2024-05-13 14:00:00+00:00,86924,216469245,1922024
code,2024-05-13 14:30:00+00:00,114042,292080128,2505411
code,2024-05-13 15:00:00+00:00,111470,283821363,2399605
code,2024-05-13 15:30:00+00:00,116154,292475076,2547416
code,2024-05-13 16:00:00+00:00,105086,261483079,2320864
code,2024-05-13 16:30:00+00:00,111951,282143415,2484190
code,2024-05-13 17:00:00+00:00,113334,286000328,2562857
code,2024-05-13 17:30:00+00:00,129192,317166170,2848900
code,2024-05-13 18:00:00+00:00,134528,339395103,2896247
code,2024-05-13 18:30:00+00:00,137602,355097670,2943849
code,2024-05-13 19:00:00+00:00,139118,364035750,2927824
code,2024-05-13 19:30:00+00:00,144967,368219277,3149651
code,2024-05-13 20:00:00+00:00,139361,360818971,2995621
code,2024-05-13 20:30:00+00:00,128505,337493401,2739377
code,2024-05-13 21:00:00+00:00,105849,280797526,2236756
code,2024-05-13 21:30:00+00:00,95799,241470831,2116890
code,2024-05-13 22:00:00+00:00,81953,206029172,1824591
code,2024-05-13 22:30:00+00:00,74446,195008848,1697866
code,2024-05-13 23:00:00+00:00,60534,150485367,1380307
code,2024-05-13 23:30:00+00:00,50800,120250529,1144557
code,2024-05-14 00:00:00+00:00,48901,119103633,1141072
code,2024-05-14 00:30:00+00:00,52009,129203369,1243603
code,2024-05-14 01:00:00+00:00,52502,115783539,1155908
code,2024-05-14 01:30:00+00:00,53097,121071744,1202076
code,2024-05-14 02:00:00+00:00,47838,109018585,1117958
code,2024-05-14 02:30:00+00:00,45429,106205758,1015175
code,2024-05-14 03:00:00+00:00,34690,81530365,801192
code,2024-05-14 03:30:00+00:00,30069,68042542,703169
code,2024-05-14 04:00:00+00:00,27934,65219048,653603
code,2024-05-14 04:30:00+00:00,25239,60108544,584977
code,2024-05-14 05:00:00+00:00,21507,50064498,546943
code,2024-05-14 05:30:00+00:00,20880,50165835,521977
code,2024-05-14 06:00:00+00:00,18257,42568325,493387
code,2024-05-14 06:30:00+00:00,17429,48017460,472857
code,2024-05-14 07:00:00+00:00,14068,41808583,357356
code,2024-05-14 07:30:00+00:00,13493,40076924,350430
code,2024-05-14 08:00:00+00:00,12986,39554131,318604
code,2024-05-14 08:30:00+00:00,13435,40562542,327512
code,2024-05-14 09:00:00+00:00,14698,48041873,376226
code,2024-05-14 09:30:00+00:00,15280,43067716,445929
code,2024-05-14 10:00:00+00:00,16178,46913328,416066
code,2024-05-14 10:30:00+00:00,16664,47037645,439066
code,2024-05-14 11:00:00+00:00,20731,54121166,492285
code,2024-05-14 11:30:00+00:00,26544,69129720,652431
code,2024-05-14 12:00:00+00:00,39232,100310292,919448
code,2024-05-14 12:30:00+00:00,52821,130527759,1298898
code,2024-05-14 13:00:00+00:00,74856,185332073,1672114
code,2024-05-14 13:30:00+00:00,98515,236567543,2163792
code,2024-05-14 14:00:00+00:00,114464,277317233,2578522
code,2024-05-14 14:30:00+00:00,125417,309758818,2749103
code,2024-05-14 15:00:00+00:00,125982,327739364,2754351
code,2024-05-14 15:30:00+00:00,120031,312931096,2630783
code,2024-05-14 16:00:00+00:00,103156,259276534,2320339
code,2024-05-14 16:30:00+00:00,115626,292678693,2603766
code,2024-05-14 17:00:00+00:00,119368,300209529,2685961
code,2024-05-14 17:30:00+00:00,144031,357021392,3159323
code,2024-05-14 18:00:00+00:00,144458,371739279,3160124
code,2024-05-14 18:30:00+00:00,153723,400921712,3236687
code,2024-05-14 19:00:00+00:00,151173,396557357,3341084
code,2024-05-14 19:30:00+00:00,144478,379670088,3024489
code,2024-05-14 20:00:00+00:00,143255,381359993,3017813
code,2024-05-14 20:30:00+00:00,129719,348141018,2768347
code,2024-05-14 21:00:00+00:00,98268,257283129,2157984
code,2024-05-14 21:30:00+00:00,95877,239965251,2126630
code,2024-05-14 22:00:00+00:00,78272,186497470,1722939
code,2024-05-14 22:30:00+00:00,69359,173737265,1564453
code,2024-05-14 23:00:00+00:00,59423,144774860,1348838
code,2024-05-14 23:30:00+00:00,49424,112937763,1118794
code,2024-05-15 00:00:00+00:00,52694,123213706,1191460
code,2024-05-15 00:30:00+00:00,48330,108508936,1134001
code,2024-05-15 01:00:00+00:00,42705,96548051,1045835
code,2024-05-15 01:30:00+00:00,46331,103524572,1094152
code,2024-05-15 02:00:00+00:00,42974,100839227,1024725
code,2024-05-15 02:30:00+00:00,38491,94768949,932213
code,2024-05-15 03:00:00+00:00,40530,97815319,985059
code,2024-05-15 03:30:00+00:00,34605,83280631,842299
code,2024-05-15 04:00:00+00:00,30977,74428085,793145
code,2024-05-15 04:30:00+00:00,24549,62782277,600917
code,2024-05-15 05:00:00+00:00,22239,55974107,569839
code,2024-05-15 05:30:00+00:00,22651,58184034,559888
code,2024-05-15 06:00:00+00:00,19860,50787040,559219
code,2024-05-15 06:30:00+00:00,19990,56215125,511574
code,2024-05-15 07:00:00+00:00,16498,46592737,420931
code,2024-05-15 07:30:00+00:00,14782,41991662,368934
code,2024-05-15 08:00:00+00:00,15551,43019265,360653
code,2024-05-15 08:30:00+00:00,14688,40919877,376392
code,2024-05-15 09:00:00+00:00,12962,37888637,333834
code,2024-05-15 09:30:00+00:00,14122,39344060,317713
code,2024-05-15 10:00:00+00:00,14679,43125382,379423
code,2024-05-15 10:30:00+00:00,18088,49207726,441124
code,2024-05-15 11:00:00+00:00,20983,52955895,521121
code,2024-05-15 11:30:00+00:00,27040,67664509,609881
code,2024-05-15 12:00:00+00:00,36392,96378395,841040
code,2024-05-15 12:30:00+00:00,54909,136399909,1256464
code,2024-05-15 13:00:00+00:00,66166,176600381,1437695
code,2024-05-15 13:30:00+00:00,89159,226601326,1969642
code,2024-05-15 14:00:00+00:00,100515,251291420,2218208
code,2024-05-15 14:30:00+00:00,109456,277539877,2359527
code,2024-05-15 15:00:00+00:00,112481,296113978,2434598
code,2024-05-15 15:30:00+00:00,123812,323287519,2708656
code,2024-05-15 16:00:00+00:00,116392,301325711,2557131
code,2024-05-15 16:30:00+00:00,121260,317577705,2731326
code,2024-05-15 17:00:00+00:00,123189,328012174,2814307
code,2024-05-15 17:30:00+00:00,138019,364620212,2898704
code,2024-05-15 18:00:00+00:00,141648,367414520,3066018
code,2024-05-15 18:30:00+00:00,149709,394555597,3083687
code,2024-05-15 19:00:00+00:00,151630,399569075,3197630
code,2024-05-15 19:30:00+00:00,149475,398975685,3147173
code,2024-05-15 20:00:00+00:00,154722,416352251,3443024
code,2024-05-15 20:30:00+00:00,138809,369441096,2872960
code,2024-05-15 21:00:00+00:00,117041,314001980,2453333
code,2024-05-15 21:30:00+00:00,93634,241104982,2013641
code,2024-05-15 22:00:00+00:00,74106,189303254,1685025
code,2024-05-15 22:30:00+00:00,62012,157880460,1383753
code,2024-05-15 23:00:00+00:00,56021,135658609,1345968
code,2024-05-15 23:30:00+00:00,54592,137651083,1265748
code,2024-05-16 00:00:00+00:00,47048,117601367,1108850
code,2024-05-16 00:30:00+00:00,45376,107719678,1061363
code,2024-05-16 01:00:00+00:00,40828,97966088,945070
code,2024-05-16 01:30:00+00:00,42286,102110087,1049652
code,2024-05-16 02:00:00+00:00,43115,97193636,1020763
code,2024-05-16 02:30:00+00:00,44640,102598355,1063031
code,2024-05-16 03:00:00+00:00,38038,91481859,919499
code,2024-05-16 03:30:00+00:00,29010,70760593,704382
code,2024-05-16 04:00:00+00:00,25782,65138614,643326
code,2024-05-16 04:30:00+00:00,25666,62672435,642838
code,2024-05-16 05:00:00+00:00,25063,62780855,568438
code,2024-05-16 05:30:00+00:00,20117,49730787,495452
code,2024-05-16 06:00:00+00:00,21208,54641113,505269
code,2024-05-16 06:30:00+00:00,19972,49772175,549497
code,2024-05-16 07:00:00+00:00,17073,45072216,492356
code,2024-05-16 07:30:00+00:00,16155,43685795,379063
code,2024-05-16 08:00:00+00:00,15566,39657590,359086
code,2024-05-16 08:30:00+00:00,15798,44167876,378817
code,2024-05-16 09:00:00+00:00,15791,42535440,441969
code,2024-05-16 09:30:00+00:00,15866,45239220,404548
code,2024-05-16 10:00:00+00:00,15274,40891966,376645
code,2024-05-16 10:30:00+00:00,16676,46334461,394336
code,2024-05-16 11:00:00+00:00,20713,58837593,495003
code,2024-05-16 11:30:00+00:00,28671,75159661,670334
code,2024-05-16 12:00:00+00:00,41236,103968622,998250
code,2024-05-16 12:30:00+00:00,55239,141057740,1310079
code,2024-05-16 13:00:00+00:00,65810,167404476,1470566
code,2024-05-16 13:30:00+00:00,78834,198122517,1769527
code,2024-05-16 14:00:00+00:00,96464,247013816,2150455
code,2024-05-16 14:30:00+00:00,116353,296857863,2512457
code,2024-05-16 15:00:00+00:00,114154,289532653,2471331
code,2024-05-16 15:30:00+00:00,115711,294680458,2516278
code,2024-05-16 16:00:00+00:00,105269,267895277,2303082
code,2024-05-16 16:30:00+00:00,119453,318207875,2564756
code,2024-05-16 17:00:00+00:00,121150,316592225,2663228
code,2024-05-16 17:30:00+00:00,135550,348863878,2925312
code,2024-05-16 18:00:00+00:00,139261,353968479,3056808
code,2024-05-16 18:30:00+00:00,144666,381630939,3080745
code,2024-05-16 19:00:00+00:00,140758,361832342,2991988
code,2024-05-16 19:30:00+00:00,145522,375692965,3084432
code,2024-05-16 20:00:00+00:00,135753,357912008,2956697
code,2024-05-16 20:30:00+00:00,125867,327844798,2733701
code,2024-05-16 21:00:00+00:00,100656,260635671,2208357
code,2024-05-16 21:30:00+00:00,88437,228508208,1959806
code,2024-05-16 22:00:00+00:00,74239,185800933,1677509
code,2024-05-16 22:30:00+00:00,61970,153211356,1381824
code,2024-05-16 23:00:00+00:00,52740,131229685,1241555
code,2024-05-16 23:30:00+00:00,53741,124366148,1243276
conversation,2024-05-12 00:00:00+00:00,44102,72153964,5078096
conversation,2024-05-12 00:30:00+00:00,47054,76850584,5523692
conversation,2024-05-12 01:00:00+00:00,46132,76714047,5462784
conversation,2024-05-12 01:30:00+00:00,50224,83286563,5964030
conversation,2024-05-12 02:00:00+00:00,47532,78914526,5657187
conversation,2024-05-12 02:30:00+00:00,44699,74547874,5274087
conversation,2024-05-12 03:00:00+00:00,42415,70842380,4973977
conversation,2024-05-12 03:30:00+00:00,39475,66857184,4745508
conversation,2024-05-12 04:00:00+00:00,39543,66544880,4785026
conversation,2024-05-12 04:30:00+00:00,36093,61578070,4383798
conversation,2024-05-12 05:00:00+00:00,40334,69679157,4954767
conversation,2024-05-12 05:30:00+00:00,37237,65137191,4619011
conversation,2024-05-12 06:00:00+00:00,40166,70835017,5052648
conversation,2024-05-12 06:30:00+00:00,40665,71571193,5144499
conversation,2024-05-12 07:00:00+00:00,45314,79649250,5722399
conversation,2024-05-12 07:30:00+00:00,46662,81864639,5975814
conversation,2024-05-12 08:00:00+00:00,46158,80680153,5776516
conversation,2024-05-12 08:30:00+00:00,46225,80167755,5819920
conversation,2024-05-12 09:00:00+00:00,44054,75446109,5431972
conversation,2024-05-12 09:30:00+00:00,43616,74880107,5346278
conversation,2024-05-12 10:00:00+00:00,44473,76395512,5487973
conversation,2024-05-12 10:30:00+00:00,46081,78300890,5592178
conversation,2024-05-12 11:00:00+00:00,49334,83865610,6035598
conversation,2024-05-12 11:30:00+00:00,52302,88351631,6280490
conversation,2024-05-12 12:00:00+00:00,51011,85910576,6010128
conversation,2024-05-12 12:30:00+00:00,55525,93270562,6600018
conversation,2024-05-12 13:00:00+00:00,66364,111112958,7812583
conversation,2024-05-12 13:30:00+00:00,66226,110268373,7677314
conversation,2024-05-12 14:00:00+00:00,61856,102011748,6957899
conversation,2024-05-12 14:30:00+00:00,60895,100569040,6908420
conversation,2024-05-12 15:00:00+00:00,62030,101814256,7052089
conversation,2024-05-12 15:30:00+00:00,63984,105261156,7457575
conversation,2024-05-12 16:00:00+00:00,62219,100841705,7189929
conversation,2024-05-12 16:30:00+00:00,57632,94282314,6656992
conversation,2024-05-12 17:00:00+00:00,63617,102245093,7207499
conversation,2024-05-12 17:30:00+00:00,60184,96011874,6815063
conversation,2024-05-12 18:00:00+00:00,63053,100281259,7101968
conversation,2024-05-12 18:30:00+00:00,61710,98845854,6928247
conversation,2024-05-12 19:00:00+00:00,56250,90256013,6320713
conversation,2024-05-12 19:30:00+00:00,58638,93689315,6633831
conversation,2024-05-12 20:00:00+00:00,56439,90047871,6380145
conversation,2024-05-12 20:30:00+00:00,56735,91867590,6499714
conversation,2024-05-12 21:00:00+00:00,58604,94492703,6671831
conversation,2024-05-12 21:30:00+00:00,51627,82866233,5814461
conversation,2024-05-12 22:00:00+00:00,51152,82709845,5793706
conversation,2024-05-12 22:30:00+00:00,51324,82536270,5289586
conversation,2024-05-12 23:00:00+00:00,56408,92029387,5834809
conversation,2024-05-12 23:30:00+00:00,67296,112598535,7171930
conversation,2024-05-13 00:00:00+00:00,76421,131192003,8359661
conversation,2024-05-13 00:30:00+00:00,81361,142545500,9068576
conversation,2024-05-13 01:00:00+00:00,88253,152975495,9611871
conversation,2024-05-13 01:30:00+00:00,92439,161548849,10149047
conversation,2024-05-13 02:00:00+00:00,91499,160987478,10033108
conversation,2024-05-13 02:30:00+00:00,89474,159831588,9818011
conversation,2024-05-13 03:00:00+00:00,76346,131852668,8131436
conversation,2024-05-13 03:30:00+00:00,71883,125240121,7842191
conversation,2024-05-13 04:00:00+00:00,72133,128026980,8047979
conversation,2024-05-13 04:30:00+00:00,75383,135769063,8588291
conversation,2024-05-13 05:00:00+00:00,75764,136168746,8620421
conversation,2024-05-13 05:30:00+00:00,84697,153024861,9755709
conversation,2024-05-13 06:00:00+00:00,89899,160128901,10252652
conversation,2024-05-13 06:30:00+00:00,96322,171185433,10936299
conversation,2024-05-13 07:00:00+00:00,91945,163115743,10487766
conversation,2024-05-13 07:30:00+00:00,99835,174783973,11377594
conversation,2024-05-13 08:00:00+00:00,105270,182008940,11795755
conversation,2024-05-13 08:30:00+00:00,101215,172051066,11150379
conversation,2024-05-13 09:00:00+00:00,96833,161355330,10477386
conversation,2024-05-13 09:30:00+00:00,91574,151117201,9823114
conversation,2024-05-13 10:00:00+00:00,94363,155132975,10013957
conversation,2024-05-13 10:30:00+00:00,96380,157807505,10340102
conversation,2024-05-13 11:00:00+00:00,101310,163973001,10710043
conversation,2024-05-13 11:30:00+00:00,99274,160437828,10370970
conversation,2024-05-13 12:00:00+00:00,101647,161447631,10474197
conversation,2024-05-13 12:30:00+00:00,111695,174677389,11285136
conversation,2024-05-13 13:00:00+00:00,117250,183997914,11882203
conversation,2024-05-13 13:30:00+00:00,126253,197053771,12671954
conversation,2024-05-13 14:00:00+00:00,130430,202878398,13043525
conversation,2024-05-13 14:30:00+00:00,136525,211714486,13527170
conversation,2024-05-13 15:00:00+00:00,126712,197412429,12417642
conversation,2024-05-13 15:30:00+00:00,124241,190792451,12098763
conversation,2024-05-13 16:00:00+00:00,108485,166699058,10534805
conversation,2024-05-13 16:30:00+00:00,109418,168266777,10514678
conversation,2024-05-13 17:00:00+00:00,102874,156964426,9733672
conversation,2024-05-13 17:30:00+00:00,102822,156661217,9695539
conversation,2024-05-13 18:00:00+00:00,101667,154512362,9524809
conversation,2024-05-13 18:30:00+00:00,102135,153477251,9479792
conversation,2024-05-13 19:00:00+00:00,94065,142457889,8757675
conversation,2024-05-13 19:30:00+00:00,107851,163489304,10082515
conversation,2024-05-13 20:00:00+00:00,103490,156788174,9735145
conversation,2024-05-13 20:30:00+00:00,90063,137413174,8413877
conversation,2024-05-13 21:00:00+00:00,75453,117221455,7250866
conversation,2024-05-13 21:30:00+00:00,79065,123168101,7609342
conversation,2024-05-13 22:00:00+00:00,75466,118969494,7313056
conversation,2024-05-13 22:30:00+00:00,74131,117069003,7175222
conversation,2024-05-13 23:00:00+00:00,76285,123332975,7591660
conversation,2024-05-13 23:30:00+00:00,80659,133774089,8316760
conversation,2024-05-14 00:00:00+00:00,84576,144197818,8942374
conversation,2024-05-14 00:30:00+00:00,90381,155687979,9702957
conversation,2024-05-14 01:00:00+00:00,87942,150493885,9352146
conversation,2024-05-14 01:30:00+00:00,94857,164113096,10223723
conversation,2024-05-14 02:00:00+00:00,97724,170940782,10659246
conversation,2024-05-14 02:30:00+00:00,92545,163609754,10181866
conversation,2024-05-14 03:00:00+00:00,79862,136293821,8558542
conversation,2024-05-14 03:30:00+00:00,75119,129589262,8135843
conversation,2024-05-14 04:00:00+00:00,77059,136941693,8647154
conversation,2024-05-14 04:30:00+00:00,75828,135820017,8603738
conversation,2024-05-14 05:00:00+00:00,78855,142760594,9200649
conversation,2024-05-14 05:30:00+00:00,85629,154430463,9966498
conversation,2024-05-14 06:00:00+00:00,90315,160759617,10334368
conversation,2024-05-14 06:30:00+00:00,99805,178512446,11310630
conversation,2024-05-14 07:00:00+00:00,104015,185084693,11823868
conversation,2024-05-14 07:30:00+00:00,106160,187111463,11997265
conversation,2024-05-14 08:00:00+00:00,108314,188177811,12102991
conversation,2024-05-14 08:30:00+00:00,100760,173731255,11128764
conversation,2024-05-14 09:00:00+00:00,101623,170602514,11012692
conversation,2024-05-14 09:30:00+00:00,103214,170213568,11136765
conversation,2024-05-14 10:00:00+00:00,92967,152450762,9803375
conversation,2024-05-14 10:30:00+00:00,99666,162038802,10431011
conversation,2024-05-14 11:00:00+00:00,100901,167220376,10349383
conversation,2024-05-14 11:30:00+00:00,106814,176793382,10896138
conversation,2024-05-14 12:00:00+00:00,114310,187790597,11674650
conversation,2024-05-14 12:30:00+00:00,119223,194604219,11922768
conversation,2024-05-14 13:00:00+00:00,116185,187452592,11552731
conversation,2024-05-14 13:30:00+00:00,129237,207829071,12669750
conversation,2024-05-14 14:00:00+00:00,134262,214862093,13026994
conversation,2024-05-14 14:30:00+00:00,134975,214899618,13007770
conversation,2024-05-14 15:00:00+00:00,133124,212269249,12722934
conversation,2024-05-14 15:30:00+00:00,119822,189761182,11356867
conversation,2024-05-14 16:00:00+00:00,116318,184312512,10979243
conversation,2024-05-14 16:30:00+00:00,116538,183696608,11059167
conversation,2024-05-14 17:00:00+00:00,109442,171341153,10368695
conversation,2024-05-14 17:30:00+00:00,107847,169547304,10226877
conversation,2024-05-14 18:00:00+00:00,114939,180424205,10841990
conversation,2024-05-14 18:30:00+00:00,114973,180095044,10862663
conversation,2024-05-14 19:00:00+00:00,108102,170502360,10253146
conversation,2024-05-14 19:30:00+00:00,103730,163677365,9787532
conversation,2024-05-14 20:00:00+00:00,102479,161496745,9498044
conversation,2024-05-14 20:30:00+00:00,91588,144780900,8602697
conversation,2024-05-14 21:00:00+00:00,82206,128636694,7841029
conversation,2024-05-14 21:30:00+00:00,88233,134403355,8371685
conversation,2024-05-14 22:00:00+00:00,79942,122894229,7711123
conversation,2024-05-14 22:30:00+00:00,67435,105185923,6664862
conversation,2024-05-14 23:00:00+00:00,63675,101062637,6373529
conversation,2024-05-14 23:30:00+00:00,75096,122235724,7814631
conversation,2024-05-15 00:00:00+00:00,77268,130583833,8298636
conversation,2024-05-15 00:30:00+00:00,84505,143567722,9082582
conversation,2024-05-15 01:00:00+00:00,87519,149621924,9506123
conversation,2024-05-15 01:30:00+00:00,86770,149755986,9468927
conversation,2024-05-15 02:00:00+00:00,85039,149076175,9350569
conversation,2024-05-15 02:30:00+00:00,83020,146125824,9089822
conversation,2024-05-15 03:00:00+00:00,70873,125168474,7403071
conversation,2024-05-15 03:30:00+00:00,67004,120574513,7193124
conversation,2024-05-15 04:00:00+00:00,70327,129202536,7670536
conversation,2024-05-15 04:30:00+00:00,78018,144826431,8658207
conversation,2024-05-15 05:00:00+00:00,74918,138680410,8454467
conversation,2024-05-15 05:30:00+00:00,81576,150998790,9145402
conversation,2024-05-15 06:00:00+00:00,85279,155642987,9471761
conversation,2024-05-15 06:30:00+00:00,94725,171458885,10463552
conversation,2024-05-15 07:00:00+00:00,95846,173386751,10606063
conversation,2024-05-15 07:30:00+00:00,97277,174720697,10698203
conversation,2024-05-15 08:00:00+00:00,98927,174158169,10782039
conversation,2024-05-15 08:30:00+00:00,97674,166094133,10622663
conversation,2024-05-15 09:00:00+00:00,97690,162130676,10443640
conversation,2024-05-15 09:30:00+00:00,101887,167077376,10848516
conversation,2024-05-15 10:00:00+00:00,95343,156603118,10080045
conversation,2024-05-15 10:30:00+00:00,88936,145226626,9365778
conversation,2024-05-15 11:00:00+00:00,93935,150935349,9801198
conversation,2024-05-15 11:30:00+00:00,99121,158340746,10249317
conversation,2024-05-15 12:00:00+00:00,108597,171793280,11093503
conversation,2024-05-15 12:30:00+00:00,110802,174392231,11229317
conversation,2024-05-15 13:00:00+00:00,113791,178211787,11400751
conversation,2024-05-15 13:30:00+00:00,128101,200103526,12643122
conversation,2024-05-15 14:00:00+00:00,128280,198962530,12469960
conversation,2024-05-15 14:30:00+00:00,118884,184510409,11623168
conversation,2024-05-15 15:00:00+00:00,119133,184666595,11600342
conversation,2024-05-15 15:30:00+00:00,115253,177997081,11151785
conversation,2024-05-15 16:00:00+00:00,107579,165139275,10302435
conversation,2024-05-15 16:30:00+00:00,105833,161613112,10239287
conversation,2024-05-15 17:00:00+00:00,93647,143099349,9027180
conversation,2024-05-15 17:30:00+00:00,104512,157990492,9958031
conversation,2024-05-15 18:00:00+00:00,106513,160712393,10137423
conversation,2024-05-15 18:30:00+00:00,101886,154353112,9664244
conversation,2024-05-15 19:00:00+00:00,99824,150619653,9447647
conversation,2024-05-15 19:30:00+00:00,97754,147163136,9223289
conversation,2024-05-15 20:00:00+00:00,85410,129615662,8049263
conversation,2024-05-15 20:30:00+00:00,84800,128079546,7949731
conversation,2024-05-15 21:00:00+00:00,68721,104774736,6566957
conversation,2024-05-15 21:30:00+00:00,61582,93955602,5809577
conversation,2024-05-15 22:00:00+00:00,60271,93351995,5818972
conversation,2024-05-15 22:30:00+00:00,62931,98643921,6183153
conversation,2024-05-15 23:00:00+00:00,64719,103453997,6435498
conversation,2024-05-15 23:30:00+00:00,74137,121984178,7691131
conversation,2024-05-16 00:00:00+00:00,78918,133611946,8455945
conversation,2024-05-16 00:30:00+00:00,82827,144926823,8908130
conversation,2024-05-16 01:00:00+00:00,85732,150334259,9285707
conversation,2024-05-16 01:30:00+00:00,91438,153623071,10016711
conversation,2024-05-16 02:00:00+00:00,90559,159375219,9949508
conversation,2024-05-16 02:30:00+00:00,89986,157961459,9889442
conversation,2024-05-16 03:00:00+00:00,78269,132901486,8382987
conversation,2024-05-16 03:30:00+00:00,72012,122973855,7900631
conversation,2024-05-16 04:00:00+00:00,76003,131594799,8552557
conversation,2024-05-16 04:30:00+00:00,71794,124450444,8253309
conversation,2024-05-16 05:00:00+00:00,72253,125418417,8325519
conversation,2024-05-16 05:30:00+00:00,87437,152090212,10137383
conversation,2024-05-16 06:00:00+00:00,95543,164567161,11014479
conversation,2024-05-16 06:30:00+00:00,101937,176201304,11719120
conversation,2024-05-16 07:00:00+00:00,98535,168934546,11250481
conversation,2024-05-16 07:30:00+00:00,109641,187836466,12595657
conversation,2024-05-16 08:00:00+00:00,111886,188945628,12805896
conversation,2024-05-16 08:30:00+00:00,112611,187129911,12653952
conversation,2024-05-16 09:00:00+00:00,110726,181571653,12335430
conversation,2024-05-16 09:30:00+00:00,103368,168781339,11495588
conversation,2024-05-16 10:00:00+00:00,85188,138044054,9416468
conversation,2024-05-16 10:30:00+00:00,85866,137681301,9433028
conversation,2024-05-16 11:00:00+00:00,87365,138682301,9513573
conversation,2024-05-16 11:30:00+00:00,94546,149188990,10174073
conversation,2024-05-16 12:00:00+00:00,95448,148305073,9994312
conversation,2024-05-16 12:30:00+00:00,107721,166763102,11179855
conversation,2024-05-16 13:00:00+00:00,120343,185075636,12409675
conversation,2024-05-16 13:30:00+00:00,120167,182986346,12185190
conversation,2024-05-16 14:00:00+00:00,122612,186796194,12365672
conversation,2024-05-16 14:30:00+00:00,126570,191742448,12625541
conversation,2024-05-16 15:00:00+00:00,109682,164477804,10891814
conversation,2024-05-16 15:30:00+00:00,110590,166408277,10962449
conversation,2024-05-16 16:00:00+00:00,103899,154042532,10312689
conversation,2024-05-16 16:30:00+00:00,99837,147385298,9806492
conversation,2024-05-16 17:00:00+00:00,97050,143731745,9547718
conversation,2024-05-16 17:30:00+00:00,101494,149030140,9833788
conversation,2024-05-16 18:00:00+00:00,104099,152005742,10113761
conversation,2024-05-16 18:30:00+00:00,97205,142206888,9396328
conversation,2024-05-16 19:00:00+00:00,95852,139388608,9305658
conversation,2024-05-16 19:30:00+00:00,90344,131354730,8689336
conversation,2024-05-16 20:00:00+00:00,83446,122565588,8138601
conversation,2024-05-16 20:30:00+00:00,79247,117682939,7839910
conversation,2024-05-16 21:00:00+00:00,76237,113235292,7481125
conversation,2024-05-16 21:30:00+00:00,67174,99357392,6614499
conversation,2024-05-16 22:00:00+00:00,64434,96844323,6510965
conversation,2024-05-16 22:30:00+00:00,62381,94642172,6294784
conversation,2024-05-16 23:00:00+00:00,66966,103669620,6916607
conversation,2024-05-16 23:30:00+00:00,71851,116238429,7665326
conversation,2024-05-17 00:00:00+00:00,80041,137913259,8721464
conversation,2024-05-17 00:30:00+00:00,88965,155767532,9747965
conversation,2024-05-17 01:00:00+00:00,88437,155701878,9931694
conversation,2024-05-17 01:30:00+00:00,90767,161092072,10273639
conversation,2024-05-17 02:00:00+00:00,92031,163402994,10413540
conversation,2024-05-17 02:30:00+00:00,82260,147573367,9402938
conversation,2024-05-17 03:00:00+00:00,73527,130406499,8353831
conversation,2024-05-17 03:30:00+00:00,68035,122323854,7733966
conversation,2024-05-17 04:00:00+00:00,71339,130458964,8468457
conversation,2024-05-17 04:30:00+00:00,73046,134443769,8668441
conversation,2024-05-17 05:00:00+00:00,80119,147021483,9546320
conversation,2024-05-17 05:30:00+00:00,82981,151862027,9842610
conversation,2024-05-17 06:00:00+00:00,87140,157634654,10303942
conversation,2024-05-17 06:30:00+00:00,95820,171661495,11262830
conversation,2024-05-17 07:00:00+00:00,99997,178758836,11619870
conversation,2024-05-17 07:30:00+00:00,99179,176033585,11552698
conversation,2024-05-17 08:00:00+00:00,97461,169879645,11196393
conversation,2024-05-17 08:30:00+00:00,95721,165244785,10806865
conversation,2024-05-17 09:00:00+00:00,98902,169630759,10952370
conversation,2024-05-17 09:30:00+00:00,95011,161305349,10414970
conversation,2024-05-17 10:00:00+00:00,90138,152210999,9715199
conversation,2024-05-17 10:30:00+00:00,80014,132907446,8639059
conversation,2024-05-17 11:00:00+00:00,83806,134592607,9144000
conversation,2024-05-17 11:30:00+00:00,85289,135785774,9148355
conversation,2024-05-17 12:00:00+00:00,91950,145149390,9636468
conversation,2024-05-17 12:30:00+00:00,97151,151598227,10050853
conversation,2024-05-17 13:00:00+00:00,105006,163083967,10787081
conversation,2024-05-17 13:30:00+00:00,104066,160178786,10444527
conversation,2024-05-17 14:00:00+00:00,99275,152452661,9982975
conversation,2024-05-17 14:30:00+00:00,107774,164763803,10725636
conversation,2024-05-17 15:00:00+00:00,97706,148140785,9658368
conversation,2024-05-17 15:30:00+00:00,101739,152553654,10055905
conversation,2024-05-17 16:00:00+00:00,92197,137105929,8998035
conversation,2024-05-17 16:30:00+00:00,92620,136828069,9098657
conversation,2024-05-17 17:00:00+00:00,92933,136324040,9044438
conversation,2024-05-17 17:30:00+00:00,87022,127745384,8516753
conversation,2024-05-17 18:00:00+00:00,77690,113141210,7493030
conversation,2024-05-17 18:30:00+00:00,82336,119819404,7919439
conversation,2024-05-17 19:00:00+00:00,72300,105357659,7032525
conversation,2024-05-17 19:30:00+00:00,75930,111604071,7454560
conversation,2024-05-17 20:00:00+00:00,72950,107123194,7173522
conversation,2024-05-17 20:30:00+00:00,69357,103435381,6770150
conversation,2024-05-17 21:00:00+00:00,58988,90005797,5827238
conversation,2024-05-17 21:30:00+00:00,55980,86019868,5482281
conversation,2024-05-17 22:00:00+00:00,49508,76846903,4866939
conversation,2024-05-17 22:30:00+00:00,49081,77411534,4947861
conversation,2024-05-17 23:00:00+00:00,45735,72120257,4593863
conversation,2024-05-17 23:30:00+00:00,49752,78702618,5060037
conversation,2024-05-18 00:00:00+00:00,45406,72821033,4656912
conversation,2024-05-18 00:30:00+00:00,49530,80318852,5141790
conversation,2024-05-18 01:00:00+00:00,52274,84597575,5529118
conversation,2024-05-18 01:30:00+00:00,48433,78306125,5129435
conversation,2024-05-18 02:00:00+00:00,52827,86097432,5603519
conversation,2024-05-18 02:30:00+00:00,51297,83036982,5489858
conversation,2024-05-18 03:00:00+00:00,42774,69558373,4620825
conversation,2024-05-18 03:30:00+00:00,44281,72804395,4927841
conversation,2024-05-18 04:00:00+00:00,42923,70840429,4761168
conversation,2024-05-18 04:30:00+00:00,41256,68092090,4595482
conversation,2024-05-18 05:00:00+00:00,45749,75937020,5171127
conversation,2024-05-18 05:30:00+00:00,44075,73982171,4993792
conversation,2024-05-18 06:00:00+00:00,45050,75430417,5072291
conversation,2024-05-18 06:30:00+00:00,47816,80522778,5528920
conversation,2024-05-18 07:00:00+00:00,49158,83504002,5688034
conversation,2024-05-18 07:30:00+00:00,52353,89511261,6173862
conversation,2024-05-18 08:00:00+00:00,54962,93172473,6312016
conversation,2024-05-18 08:30:00+00:00,52006,88165322,5999837
conversation,2024-05-18 09:00:00+00:00,50090,84005596,5715822
conversation,2024-05-18 09:30:00+00:00,42659,71295268,4914847
conversation,2024-05-18 10:00:00+00:00,49754,82331986,5603265
conversation,2024-05-18 10:30:00+00:00,52118,85442634,5811271
conversation,2024-05-18 11:00:00+00:00,53530,87756016,5934767
conversation,2024-05-18 11:30:00+00:00,58893,96435160,6591329
conversation,2024-05-18 12:00:00+00:00,61600,100680990,6734734
conversation,2024-05-18 12:30:00+00:00,61731,100472730,6739724
conversation,2024-05-18 13:00:00+00:00,65538,106933969,7124652
conversation,2024-05-18 13:30:00+00:00,59758,96015526,6457678
conversation,2024-05-18 14:00:00+00:00,65401,105612084,6966136
conversation,2024-05-18 14:30:00+00:00,70746,113382892,7464695
conversation,2024-05-18 15:00:00+00:00,73807,117598359,7669230
conversation,2024-05-18 15:30:00+00:00,67668,107924933,7020226
conversation,2024-05-18 16:00:00+00:00,68318,108403843,7103507
conversation,2024-05-18 16:30:00+00:00,65151,103036916,6769524
conversation,2024-05-18 17:00:00+00:00,65322,102986757,6776790
conversation,2024-05-18 17:30:00+00:00,60309,94452155,6160450
conversation,2024-05-18 18:00:00+00:00,53368,83259496,5486264
conversation,2024-05-18 18:30:00+00:00,57006,89228918,5806266
conversation,2024-05-18 19:00:00+00:00,52822,82028280,5436527
conversation,2024-05-18 19:30:00+00:00,52235,82104201,5398176
conversation,2024-05-18 20:00:00+00:00,57906,89619434,5917825
conversation,2024-05-18 20:30:00+00:00,56822,88236342,5807066
conversation,2024-05-18 21:00:00+00:00,49972,78077924,5143528
conversation,2024-05-18 21:30:00+00:00,54888,86555456,5725226
conversation,2024-05-18 22:00:00+00:00,43488,68578789,4516177
conversation,2024-05-18 22:30:00+00:00,48720,77271813,5092536
conversation,2024-05-18 23:00:00+00:00,45915,73228102,4853662
conversation,2024-05-18 23:30:00+00:00,43860,71183391,4724408
