n,mean_actual,bias_ME,MAE,RMSE,MAPE_pct,corr,stratum,level
52443.0,128.41771065728506,-0.1282153957630189,9.676219895886963,13.649305093900004,9.09957871044576,0.9749852575794242,overall,all
13013.0,140.75009605778837,-0.434258049642665,9.962575885652809,14.199436305474318,8.564805650748795,0.9755248428420575,Autumn,season
13248.0,118.30329106280193,0.38481280193236717,9.69957729468599,13.26316454758913,9.630090144068497,0.9723237102705606,Spring,season
13200.0,114.29060606060607,-1.4874242424242423,10.136363636363637,14.49854747165656,10.50361608308535,0.9579227362658707,Summer,season
12982.0,140.74187336311817,1.0370513018024958,8.89747342474195,12.539762670005304,7.6666325568762055,0.982722445578699,Winter,season
2182.0,115.04720439963336,0.9825847846012832,7.07057745187901,10.012091681312839,6.9863458198739306,0.9835687666772014,0,hour_utc
2182.0,112.65994500458295,1.7850595783684693,6.769477543538039,9.46354382766758,6.906697437674909,0.9851418823264069,1,hour_utc
2182.0,112.11228230980751,0.8712190650779101,6.653070577451879,9.579830056147896,6.795170119270148,0.9841276515705841,2,hour_utc
2182.0,113.6076993583868,-1.0123739688359303,6.860219981668195,10.210547017380303,6.8368928600004795,0.9824462000497011,3,hour_utc
2182.0,120.38221814848762,-5.947296058661778,10.548579285059578,15.806677515494101,9.455586168390772,0.9661047027178561,4,hour_utc
2182.0,131.1544454628781,-7.598991750687443,13.302933088909258,18.28001718856683,11.1738024217031,0.9609200851317504,5,hour_utc
2182.0,137.94133822181485,-4.703483043079744,12.83088909257562,17.56273291758353,10.549123723397537,0.9621810042474097,6,hour_utc
2183.0,135.24003664681632,0.8172240036646816,10.566193311956024,14.451016667701543,9.112130562945893,0.9732563810224393,7,hour_utc
2184.0,128.42765567765568,3.418040293040293,9.385989010989011,12.3118253705957,8.698855259304818,0.9822390322918999,8,hour_utc
2184.0,121.09752747252747,4.016483516483516,8.663919413919414,12.363392732315829,8.67663754079408,0.9826166231794021,9,hour_utc
2184.0,115.53891941391942,3.01007326007326,7.617216117216117,10.482629972269894,8.073505012622572,0.9870957193699944,10,hour_utc
2184.0,112.11767399267399,1.6314102564102564,7.038919413919414,9.581752537243991,10.629765553782851,0.9882705270448414,11,hour_utc
2186.0,111.52058554437329,-0.3453796889295517,6.180695333943276,8.678537744536724,7.247561251101288,0.9898190412304455,12,hour_utc
2186.0,114.0096065873742,-2.797804208600183,6.677950594693504,9.317810469673917,7.568532385414634,0.9894550496268076,13,hour_utc
2187.0,121.78737997256516,-6.5413808870598995,9.463191586648376,12.577950819673719,9.934977101021037,0.9853280377780186,14,hour_utc
2188.0,135.82723948811702,-10.1672760511883,13.259597806215723,17.123062481302053,12.375832179981124,0.9779835919444423,15,hour_utc
2188.0,149.23080438756855,-8.73765996343693,12.620658135283364,17.118791325715204,10.56602428627991,0.9743096314258402,16,hour_utc
2188.0,157.15722120658134,-4.845063985374772,9.668647166361975,13.24375952522449,7.533021967568286,0.9801510734877923,17,hour_utc
2188.0,159.71389396709324,-1.5489031078610602,8.168647166361975,11.074473671160893,6.09498714184696,0.9824523216005272,18,hour_utc
2189.0,157.317496573778,1.579716765646414,8.665143901324805,11.575521185949212,6.631269372878301,0.9804630028544482,19,hour_utc
2190.0,149.3433789954338,4.753881278538813,10.650684931506849,14.875572204181811,8.65458181146376,0.9715086663713424,20,hour_utc
2190.0,134.62100456621005,10.54703196347032,13.775342465753425,17.885633631799543,12.474005578416673,0.9698339321682495,21,hour_utc
2188.0,120.75959780621572,11.201553930530164,14.455667276051189,18.86661784047618,14.161373771941172,0.9644603413169338,22,hour_utc
2182.0,115.09899175068745,6.53666361136572,11.3102658111824,15.54466377739761,11.240571989349156,0.9669991988362142,23,hour_utc
5766.0,145.12833853624696,-0.7802636142906695,9.613076656260839,13.959240254548877,8.339554824914845,0.9815485045902921,2023,year
17537.0,125.11900553116268,-1.1101670753264525,10.16405314477961,14.57281504970618,9.713687418125657,0.9708305066105214,2024,year
17477.0,129.140699204669,0.9778566115466041,9.28179893574412,12.66645987690936,8.45810975452332,0.9782160474789939,2025,year
11663.0,124.03292463345623,0.013204149875675213,9.564948983966389,13.477416081501012,9.513162373315126,0.9714943016298214,2026,year
