signal,B_h,policy,month,baseline_intensity,policy_intensity,saving_pct
S1_published,4,threshold,2025-09,113.39195239621272,109.35364505851663,3.5613703198137734
S1_published,4,threshold,2025-10,135.91931148594293,133.01083916559105,2.139852158280449
S1_published,4,threshold,2025-11,121.75382544791883,118.20537931861145,2.9144432351534246
S1_published,4,threshold,2025-12,114.31495211302493,111.28525316292233,2.650308550282285
S1_published,4,threshold,2026-01,139.23335777394612,138.13636063703112,0.787883847989969
S1_published,4,threshold,2026-02,131.89952563505796,129.247684014751,2.0105012565732174
S1_published,4,threshold,2026-03,117.56727356483798,113.55351239936529,3.4140122874067593
S1_published,4,threshold,2026-04,96.52764462666944,92.01152868018782,4.678572614040425
S1_published,4,threshold,2026-05,128.00302775880576,119.88498069961095,6.342074247252594
S1_published,4,threshold,2026-06,139.73773252664367,132.2216726194835,5.378690330277883
S1_published,4,threshold,2026-07,129.16885098945812,121.45498749600212,5.97192235927341
S1_published,4,threshold,2026-08,131.74122330722022,122.19410567865971,7.246871851414843
S1_published,4,percentile,2025-09,113.39195239621272,111.91925071889231,1.2987708970514114
S1_published,4,percentile,2025-10,135.91931148594293,133.96207441036688,1.4399992570433728
S1_published,4,percentile,2025-11,121.75382544791883,120.0956916863424,1.361874056504042
S1_published,4,percentile,2025-12,114.31495211302493,112.94553031354039,1.197937604986768
S1_published,4,percentile,2026-01,139.23335777394612,138.52387803805811,0.509561607384269
S1_published,4,percentile,2026-02,131.89952563505796,130.01145309498443,1.431447559028739
S1_published,4,percentile,2026-03,117.56727356483798,114.99676519781495,2.1864148832246215
S1_published,4,percentile,2026-04,96.52764462666944,93.33413197653283,3.308391769516234
S1_published,4,percentile,2026-05,128.00302775880576,121.08982785974177,5.400809668416926
S1_published,4,percentile,2026-06,139.73773252664367,134.93122811549608,3.4396610881253094
S1_published,4,percentile,2026-07,129.16885098945812,122.32722353887583,5.296654261591799
S1_published,4,percentile,2026-08,131.74122330722022,124.03316904885874,5.850905331572883
S1_published,4,capacitycurve,2025-09,113.39195239621272,107.3205779517747,5.354325696080708
S1_published,4,capacitycurve,2025-10,135.91931148594293,132.42313871768363,2.572241376179191
S1_published,4,capacitycurve,2025-11,121.75382544791883,116.25043659659823,4.520095225816713
S1_published,4,capacitycurve,2025-12,114.31495211302493,111.15536674892401,2.7639300946187597
S1_published,4,capacitycurve,2026-01,139.23335777394612,135.61304052679142,2.6001795151938434
S1_published,4,capacitycurve,2026-02,131.89952563505796,127.10838870138097,3.632414074735331
S1_published,4,capacitycurve,2026-03,117.56727356483798,111.75710964638759,4.941990863848772
S1_published,4,capacitycurve,2026-04,96.52764462666944,90.36810969715778,6.381109736318852
S1_published,4,capacitycurve,2026-05,128.00302775880576,117.99552787645513,7.818174349131503
S1_published,4,capacitycurve,2026-06,139.73773252664367,130.21225458631926,6.816682772856781
S1_published,4,capacitycurve,2026-07,129.16885098945812,119.56239994301598,7.4371266546500125
S1_published,4,capacitycurve,2026-08,131.74122330722022,120.85154944873518,8.265957750438027
S1_published,4,lyapunov,2025-09,113.39195239621272,109.3663789935973,3.5501403032106844
S1_published,4,lyapunov,2025-10,135.91931148594293,133.01083916559105,2.139852158280449
S1_published,4,lyapunov,2025-11,121.75382544791883,118.11397636226971,2.989515173144266
S1_published,4,lyapunov,2025-12,114.31495211302493,111.26972338549407,2.663893630047617
S1_published,4,lyapunov,2026-01,139.23335777394612,138.18474938772206,0.753130142797059
S1_published,4,lyapunov,2026-02,131.89952563505796,129.18311459619886,2.0594547446477622
S1_published,4,lyapunov,2026-03,117.56727356483798,113.57453201384665,3.3961334901496563
S1_published,4,lyapunov,2026-04,96.52764462666944,92.01541475501911,4.6745467467913935
S1_published,4,lyapunov,2026-05,128.00302775880576,119.88965059083364,6.338425981032289
S1_published,4,lyapunov,2026-06,139.73773252664367,132.2241949745914,5.376885266561535
S1_published,4,lyapunov,2026-07,129.16885098945812,121.53153133634144,5.912663614031825
S1_published,4,lyapunov,2026-08,131.74122330722022,122.27748864330182,7.18357885735507
S1_published,4,horizon,2025-09,113.39195239621272,108.07191727739806,4.691721948860585
S1_published,4,horizon,2025-10,135.91931148594293,132.51884779346742,2.501825278026953
S1_published,4,horizon,2025-11,121.75382544791883,115.66145372076681,5.003844195234813
S1_published,4,horizon,2025-12,114.31495211302493,111.02774643982808,2.8755693043082773
S1_published,4,horizon,2026-01,139.23335777394612,135.46391940948385,2.7072810889055687
S1_published,4,horizon,2026-02,131.89952563505796,126.97710432351876,3.7319476987041202
S1_published,4,horizon,2026-03,117.56727356483798,111.8633804334259,4.851599393658129
S1_published,4,horizon,2026-04,96.52764462666944,90.98561479276604,5.741391344767364
S1_published,4,horizon,2026-05,128.00302775880576,118.72778609908187,7.246111144496591
S1_published,4,horizon,2026-06,139.73773252664367,130.63891469675528,6.5113535659765525
S1_published,4,horizon,2026-07,129.16885098945812,119.48867185729328,7.494205497697635
S1_published,4,horizon,2026-08,131.74122330722022,121.23206845349588,7.977119530169395
S1_published,4,oracle,2025-09,113.39195239621272,106.15157962266389,6.385261582100296
S1_published,4,oracle,2025-10,135.91931148594293,131.14996538437563,3.5089539885291057
S1_published,4,oracle,2025-11,121.75382544791883,114.47489579905971,5.97839913619202
S1_published,4,oracle,2025-12,114.31495211302493,109.72650924893725,4.013860636140597
S1_published,4,oracle,2026-01,139.23335777394612,134.01010094272203,3.75144068543141
S1_published,4,oracle,2026-02,131.89952563505796,125.59548802890707,4.779424016726954
S1_published,4,oracle,2026-03,117.56727356483798,109.67654634834479,6.711669818677455
S1_published,4,oracle,2026-04,96.52764462666944,88.86985559526224,7.933260011703889
S1_published,4,oracle,2026-05,128.00302775880576,116.20153351254383,9.219699293753667
S1_published,4,oracle,2026-06,139.73773252664367,128.32163543124247,8.169659610888921
S1_published,4,oracle,2026-07,129.16885098945812,116.80420666044058,9.572465988744186
S1_published,4,oracle,2026-08,131.74122330722022,118.98176223750609,9.685245627300047
S1_published,12,threshold,2025-09,113.39195239621351,105.38673381706857,7.059776650791891
S1_published,12,threshold,2025-10,135.91931148594352,131.3781201812543,3.34109351720698
S1_published,12,threshold,2025-11,121.75382544791934,117.33303990438814,3.630921268607042
S1_published,12,threshold,2025-12,114.31495211302567,110.55512254037124,3.2890094455334244
S1_published,12,threshold,2026-01,139.2333577739469,138.77358633714744,0.3302164396163752
S1_published,12,threshold,2026-02,131.89952563505884,128.70717322192326,2.420291049391807
S1_published,12,threshold,2026-03,117.567273564839,109.67743272006224,6.71091589142404
S1_published,12,threshold,2026-04,96.52764462667004,87.4758973869252,9.377362593641795
S1_published,12,threshold,2026-05,128.00302775880684,112.10890955736207,12.416986128948208
S1_published,12,threshold,2026-06,139.7377325266445,124.60283565082071,10.830930631379708
S1_published,12,threshold,2026-07,129.16885098945912,113.18259538501204,12.376246658531976
S1_published,12,threshold,2026-08,131.74122330722145,113.26608835581388,14.023807042024671
S1_published,12,percentile,2025-09,113.39195239621351,110.25108344981687,2.7699222740444847
S1_published,12,percentile,2025-10,135.91931148594352,132.80128196649218,2.2940298073639083
S1_published,12,percentile,2025-11,121.75382544791934,122.44244045506787,-0.5655797709970807
S1_published,12,percentile,2025-12,114.31495211302567,114.61235143350751,-0.2601578489818191
S1_published,12,percentile,2026-01,139.2333577739469,140.1973061318102,-0.6923257280258411
S1_published,12,percentile,2026-02,131.89952563505884,129.73834610102597,1.6385044022163093
S1_published,12,percentile,2026-03,117.567273564839,111.4088013153614,5.238253863292293
S1_published,12,percentile,2026-04,96.52764462667004,89.41065729129504,7.373004244432395
S1_published,12,percentile,2026-05,128.00302775880684,116.41839124219827,9.05028319989214
S1_published,12,percentile,2026-06,139.7377325266445,127.00089088761204,9.114819174988295
S1_published,12,percentile,2026-07,129.16885098945912,113.85706495350338,11.854085500230438
S1_published,12,percentile,2026-08,131.74122330722145,116.41072998050677,11.636823267508195
S1_published,12,capacitycurve,2025-09,113.39195239621351,105.02404416102722,7.379631497963096
S1_published,12,capacitycurve,2025-10,135.91931148594352,132.0893691160934,2.8178058937903128
S1_published,12,capacitycurve,2025-11,121.75382544791934,115.58176702409939,5.069293224351353
S1_published,12,capacitycurve,2025-12,114.31495211302567,111.46392914903697,2.4940070492002033
S1_published,12,capacitycurve,2026-01,139.2333577739469,134.73293971488695,3.2322843684963902
S1_published,12,capacitycurve,2026-02,131.89952563505884,126.06901016056375,4.4204218676472165
S1_published,12,capacitycurve,2026-03,117.567273564839,109.17451423089615,7.138686710561673
S1_published,12,capacitycurve,2026-04,96.52764462667004,86.61957921837852,10.264484797709422
S1_published,12,capacitycurve,2026-05,128.00302775880684,111.4596893369187,12.924177428881112
S1_published,12,capacitycurve,2026-06,139.7377325266445,122.05783630280683,12.65219916207424
S1_published,12,capacitycurve,2026-07,129.16885098945912,111.12472421882346,13.969410296998117
S1_published,12,capacitycurve,2026-08,131.74122330722145,112.57768030126418,14.546352709408012
S1_published,12,lyapunov,2025-09,113.39195239621351,105.24899042056146,7.1812521114364145
S1_published,12,lyapunov,2025-10,135.91931148594352,130.97180977732512,3.6400285246663153
S1_published,12,lyapunov,2025-11,121.75382544791934,116.3222630053655,4.4611020824780665
S1_published,12,lyapunov,2025-12,114.31495211302567,110.04252570964184,3.737416955884819
S1_published,12,lyapunov,2026-01,139.2333577739469,138.0889698456205,0.8219208001751697
S1_published,12,lyapunov,2026-02,131.89952563505884,127.25348174309713,3.5224113730449944
S1_published,12,lyapunov,2026-03,117.567273564839,109.46366725134773,6.892739848238537
S1_published,12,lyapunov,2026-04,96.52764462667004,87.51992384364524,9.331752388513179
S1_published,12,lyapunov,2026-05,128.00302775880684,112.1214802444035,12.407165511997553
S1_published,12,lyapunov,2026-06,139.7377325266445,124.17893677477531,11.134283826240354
S1_published,12,lyapunov,2026-07,129.16885098945912,113.39801340377724,12.20947423846703
S1_published,12,lyapunov,2026-08,131.74122330722145,113.47755768584094,13.863288318485942
S1_published,12,horizon,2025-09,113.39195239621351,103.56055828212709,8.670275011875288
S1_published,12,horizon,2025-10,135.91931148594352,130.14948340870055,4.245039217874261
S1_published,12,horizon,2025-11,121.75382544791934,113.92380394244894,6.431027096409156
S1_published,12,horizon,2025-12,114.31495211302567,110.3946365809705,3.4293987440759883
S1_published,12,horizon,2026-01,139.2333577739469,133.67288791471265,3.993633385084326
S1_published,12,horizon,2026-02,131.89952563505884,125.03164087384144,5.206906338859429
S1_published,12,horizon,2026-03,117.567273564839,106.94132177226612,9.038188494447484
S1_published,12,horizon,2026-04,96.52764462667004,85.37835870038838,11.550355309510142
S1_published,12,horizon,2026-05,128.00302775880684,111.64290379176725,12.781044521748806
S1_published,12,horizon,2026-06,139.7377325266445,121.80110865500735,12.835920225209804
S1_published,12,horizon,2026-07,129.16885098945912,110.76053414733569,14.251359132725927
S1_published,12,horizon,2026-08,131.74122330722145,112.88125230051016,14.31592217929365
S1_published,12,oracle,2025-09,113.39195239621351,101.79225448079063,10.229736476263572
S1_published,12,oracle,2025-10,135.91931148594352,128.60708802280982,5.379826739256194
S1_published,12,oracle,2025-11,121.75382544791934,112.20168248666309,7.845456129296091
S1_published,12,oracle,2025-12,114.31495211302567,108.80838274498215,4.8170158551079565
S1_published,12,oracle,2026-01,139.2333577739469,131.87403522278237,5.285603011250217
S1_published,12,oracle,2026-02,131.89952563505884,123.45815600718862,6.399848359747629
S1_published,12,oracle,2026-03,117.567273564839,105.25318236473522,10.474080776664847
S1_published,12,oracle,2026-04,96.52764462667004,83.33530769762066,13.666900275120158
S1_published,12,oracle,2026-05,128.00302775880684,109.51325689519695,14.444791804807727
S1_published,12,oracle,2026-06,139.7377325266445,120.48067472354005,13.780857507067825
S1_published,12,oracle,2026-07,129.16885098945912,108.84631508137441,15.733310122688273
S1_published,12,oracle,2026-08,131.74122330722145,110.96591517967835,15.769785345848
S1_published,24,threshold,2025-09,113.39195239621392,104.06500735098655,8.225402992125213
S1_published,24,threshold,2025-10,135.91931148594418,130.34338771182453,4.102377883731605
S1_published,24,threshold,2025-11,121.7538254479202,116.42263425065386,4.37866422484339
S1_published,24,threshold,2025-12,114.31495211302591,108.36202806163895,5.2074763111488345
S1_published,24,threshold,2026-01,139.2333577739475,136.68563858193204,1.8298195437847609
S1_published,24,threshold,2026-02,131.89952563505892,127.92097503878769,3.016349435007925
S1_published,24,threshold,2026-03,117.5672735648397,107.68991876200465,8.401449232713192
S1_published,24,threshold,2026-04,96.52764462667042,86.46799899034569,10.42151776854324
S1_published,24,threshold,2026-05,128.00302775880726,111.72674714037035,12.71554345503911
S1_published,24,threshold,2026-06,139.73773252664483,125.25416598052986,10.364821501131258
S1_published,24,threshold,2026-07,129.16885098945974,112.61799349407201,12.813350408093582
S1_published,24,threshold,2026-08,131.74122330722176,113.0457953651742,14.191023487348106
S1_published,24,percentile,2025-09,113.39195239621392,110.06634827924638,2.932839629877102
S1_published,24,percentile,2025-10,135.91931148594418,131.66331218014017,3.131269029599327
S1_published,24,percentile,2025-11,121.7538254479202,121.49200580443892,0.21504017842402923
S1_published,24,percentile,2025-12,114.31495211302591,113.14871510772677,1.0201963817874424
S1_published,24,percentile,2026-01,139.2333577739475,138.49601298399722,0.5295748100447221
S1_published,24,percentile,2026-02,131.89952563505892,129.0836500957573,2.134864038171468
S1_published,24,percentile,2026-03,117.5672735648397,110.34623096182949,6.142051596550563
S1_published,24,percentile,2026-04,96.52764462667042,89.96147252518007,6.802374725795526
S1_published,24,percentile,2026-05,128.00302775880726,117.89088730841526,7.899922859204585
S1_published,24,percentile,2026-06,139.73773252664483,129.4056286580026,7.393925521635422
S1_published,24,percentile,2026-07,129.16885098945974,114.93021700754267,11.023272153345204
S1_published,24,percentile,2026-08,131.74122330722176,118.24709844042239,10.242902356638167
S1_published,24,capacitycurve,2025-09,113.39195239621392,104.35985944775118,7.965373871421516
S1_published,24,capacitycurve,2025-10,135.91931148594418,131.73568374022452,3.0780230564604523
S1_published,24,capacitycurve,2025-11,121.7538254479202,114.75352387864142,5.749553694535163
S1_published,24,capacitycurve,2025-12,114.31495211302591,110.82738585194038,3.0508399790407936
S1_published,24,capacitycurve,2026-01,139.2333577739475,134.416290178197,3.4597079843260388
S1_published,24,capacitycurve,2026-02,131.89952563505892,125.84082950004162,4.593417683533273
S1_published,24,capacitycurve,2026-03,117.5672735648397,108.82156440556815,7.438897657559595
S1_published,24,capacitycurve,2026-04,96.52764462667042,86.30676149328907,10.588555405978834
S1_published,24,capacitycurve,2026-05,128.00302775880726,111.11071372607181,13.19680817594815
S1_published,24,capacitycurve,2026-06,139.73773252664483,122.12045920953841,12.607384561465679
S1_published,24,capacitycurve,2026-07,129.16885098945974,111.12760355611832,13.967181170337733
S1_published,24,capacitycurve,2026-08,131.74122330722176,112.49044064107606,14.612573181632518
S1_published,24,lyapunov,2025-09,113.39195239621392,104.1854783313765,8.119160019988174
S1_published,24,lyapunov,2025-10,135.91931148594418,129.05511662006091,5.050198379347375
S1_published,24,lyapunov,2025-11,121.7538254479202,113.85268940745233,6.48943555687091
S1_published,24,lyapunov,2025-12,114.31495211302591,107.66264460257848,5.819280319402255
S1_published,24,lyapunov,2026-01,139.2333577739475,135.28607716072185,2.8350107160629254
S1_published,24,lyapunov,2026-02,131.89952563505892,124.33387883352904,5.735916611605258
S1_published,24,lyapunov,2026-03,117.5672735648397,107.2162038686153,8.804380149647399
S1_published,24,lyapunov,2026-04,96.52764462667042,86.64406454637259,10.239118667531454
S1_published,24,lyapunov,2026-05,128.00302775880726,111.08079201956737,13.220183956215486
S1_published,24,lyapunov,2026-06,139.73773252664483,122.4498796720291,12.371642606494513
S1_published,24,lyapunov,2026-07,129.16885098945974,112.57437140519244,12.847121776767544
S1_published,24,lyapunov,2026-08,131.74122330722176,112.5919720052722,14.535504393558977
S1_published,24,horizon,2025-09,113.39195239621392,101.86048859483805,10.16956102941297
S1_published,24,horizon,2025-10,135.91931148594418,129.07733154484242,5.0338541788517706
S1_published,24,horizon,2025-11,121.7538254479202,112.08625747717035,7.940258086498586
S1_published,24,horizon,2025-12,114.31495211302591,108.71518525895368,4.898542798264575
S1_published,24,horizon,2026-01,139.2333577739475,131.37115322244398,5.646782263391366
S1_published,24,horizon,2026-02,131.89952563505892,123.2106722623162,6.587478863861226
S1_published,24,horizon,2026-03,117.5672735648397,104.8140712676812,10.84757850587133
S1_published,24,horizon,2026-04,96.52764462667042,84.44452640253277,12.517780031689602
S1_published,24,horizon,2026-05,128.00302775880726,110.31090040461764,13.821647553155097
S1_published,24,horizon,2026-06,139.73773252664483,120.92213848983707,13.464934414346574
S1_published,24,horizon,2026-07,129.16885098945974,109.8552749102965,14.952193141935776
S1_published,24,horizon,2026-08,131.74122330722176,112.17928316146265,14.848761575669053
S1_published,24,oracle,2025-09,113.39195239621392,100.39011536490494,11.4662784761638
S1_published,24,oracle,2025-10,135.91931148594418,128.01249724647917,5.817285382793213
S1_published,24,oracle,2025-11,121.7538254479202,110.73896706775966,9.046827349890634
S1_published,24,oracle,2025-12,114.31495211302591,107.56213684761616,5.907202111875166
S1_published,24,oracle,2026-01,139.2333577739475,130.14828497415843,6.525069096257194
S1_published,24,oracle,2026-02,131.89952563505892,122.26606712168379,7.303633934233465
S1_published,24,oracle,2026-03,117.5672735648397,103.41836291049569,12.034735709458058
S1_published,24,oracle,2026-04,96.52764462667042,82.45721540362675,14.576579877673757
S1_published,24,oracle,2026-05,128.00302775880726,108.45606586919604,15.270702757471527
S1_published,24,oracle,2026-06,139.73773252664483,119.56670619251996,14.434917448140727
S1_published,24,oracle,2026-07,129.16885098945974,107.90338269686428,16.463309946397782
S1_published,24,oracle,2026-08,131.74122330722176,109.95563297200623,16.536654046707408
S2_day_ahead,4,threshold,2025-09,113.39195239621272,109.19111199237064,3.704707710793757
S2_day_ahead,4,threshold,2025-10,135.91931148594293,134.1704429847442,1.2866961155697145
S2_day_ahead,4,threshold,2025-11,121.75382544791883,119.15784923916864,2.132151658643889
S2_day_ahead,4,threshold,2025-12,114.31495211302493,113.90676286931452,0.3570742375912709
S2_day_ahead,4,threshold,2026-01,139.23335777394612,138.01621655218972,0.8741735753672695
S2_day_ahead,4,threshold,2026-02,131.89952563505796,130.83414129978692,0.8077241598417564
S2_day_ahead,4,threshold,2026-03,117.56727356483798,113.86470865489554,3.1493159598538156
S2_day_ahead,4,threshold,2026-04,96.52764462666944,92.5913041660737,4.077941066333841
S2_day_ahead,4,threshold,2026-05,128.00302775880576,121.43014588610933,5.134942499236513
S2_day_ahead,4,threshold,2026-06,139.73773252664367,132.79873142030942,4.965731861300378
S2_day_ahead,4,threshold,2026-07,129.16885098945812,121.9033775327121,5.624787556048618
S2_day_ahead,4,threshold,2026-08,131.74122330722022,123.46629802538318,6.281196632385852
S2_day_ahead,4,percentile,2025-09,113.39195239621272,110.69999019321563,2.374032853399392
S2_day_ahead,4,percentile,2025-10,135.91931148594293,135.87632508657566,0.03162641047641799
S2_day_ahead,4,percentile,2025-11,121.75382544791883,119.97550651824913,1.460585672053799
S2_day_ahead,4,percentile,2025-12,114.31495211302493,114.06861419807281,0.21549054642350163
S2_day_ahead,4,percentile,2026-01,139.23335777394612,138.21321516382739,0.7326854903370236
S2_day_ahead,4,percentile,2026-02,131.89952563505796,130.49823126502721,1.0623953067942544
S2_day_ahead,4,percentile,2026-03,117.56727356483798,113.64933925878601,3.332504180163056
S2_day_ahead,4,percentile,2026-04,96.52764462666944,93.26215899823339,3.3829538067210216
S2_day_ahead,4,percentile,2026-05,128.00302775880576,122.10186794865761,4.610172050982742
S2_day_ahead,4,percentile,2026-06,139.73773252664367,134.54323905394764,3.7173162744039763
S2_day_ahead,4,percentile,2026-07,129.16885098945812,123.4952451915569,4.392394725539718
S2_day_ahead,4,percentile,2026-08,131.74122330722022,124.74867639170472,5.307789574117511
S2_day_ahead,4,capacitycurve,2025-09,113.39195239621272,108.51565287724085,4.300392943172157
S2_day_ahead,4,capacitycurve,2025-10,135.91931148594293,133.27276593420586,1.9471446130822805
S2_day_ahead,4,capacitycurve,2025-11,121.75382544791883,118.03421933949429,3.0550219631625732
S2_day_ahead,4,capacitycurve,2025-12,114.31495211302493,112.14040382213963,1.9022431017906467
S2_day_ahead,4,capacitycurve,2026-01,139.23335777394612,136.745761605856,1.7866380642266058
S2_day_ahead,4,capacitycurve,2026-02,131.89952563505796,128.36825876584638,2.6772400068988516
S2_day_ahead,4,capacitycurve,2026-03,117.56727356483798,112.65126902612788,4.181439604448204
S2_day_ahead,4,capacitycurve,2026-04,96.52764462666944,91.44363952840874,5.266890244679247
S2_day_ahead,4,capacitycurve,2026-05,128.00302775880576,119.58162173664114,6.579067831139862
S2_day_ahead,4,capacitycurve,2026-06,139.73773252664367,132.3083967037704,5.3166282925456265
S2_day_ahead,4,capacitycurve,2026-07,129.16885098945812,121.28218723753331,6.105700942225204
S2_day_ahead,4,capacitycurve,2026-08,131.74122330722022,122.22348558604975,7.224570625836026
S2_day_ahead,4,lyapunov,2025-09,113.39195239621272,109.20016951421536,3.6967199112600873
S2_day_ahead,4,lyapunov,2025-10,135.91931148594293,134.1180468193957,1.3252455790533717
S2_day_ahead,4,lyapunov,2025-11,121.75382544791883,119.1241711996846,2.1598124236014966
S2_day_ahead,4,lyapunov,2025-12,114.31495211302493,113.87536038695802,0.3845443819390109
S2_day_ahead,4,lyapunov,2026-01,139.23335777394612,137.94633471458508,0.9243640173144484
S2_day_ahead,4,lyapunov,2026-02,131.89952563505796,130.79324472177797,0.8387300166195192
S2_day_ahead,4,lyapunov,2026-03,117.56727356483798,113.79935949907332,3.204900438289627
S2_day_ahead,4,lyapunov,2026-04,96.52764462666944,92.74245911481032,3.921348673220733
S2_day_ahead,4,lyapunov,2026-05,128.00302775880576,121.53008715596874,5.056865229027146
S2_day_ahead,4,lyapunov,2026-06,139.73773252664367,132.76057438232706,4.993038042166797
S2_day_ahead,4,lyapunov,2026-07,129.16885098945812,122.0096895752578,5.54248285043939
S2_day_ahead,4,lyapunov,2026-08,131.74122330722022,123.6740018988344,6.123536130807802
S2_day_ahead,4,horizon,2025-09,113.39195239621272,107.36515416370386,5.315014077410089
S2_day_ahead,4,horizon,2025-10,135.91931148594293,132.74876544447912,2.33266782093118
S2_day_ahead,4,horizon,2025-11,121.75382544791883,116.72743022665269,4.12832631974773
S2_day_ahead,4,horizon,2025-12,114.31495211302493,112.0008855435097,2.0242903721179717
S2_day_ahead,4,horizon,2026-01,139.23335777394612,136.55334596432533,1.9248345744645166
S2_day_ahead,4,horizon,2026-02,131.89952563505796,127.39482934627587,3.415248286218832
S2_day_ahead,4,horizon,2026-03,117.56727356483798,111.05225789941763,5.541521435237962
S2_day_ahead,4,horizon,2026-04,96.52764462666944,90.22037425653947,6.534159612537927
S2_day_ahead,4,horizon,2026-05,128.00302775880576,117.28727363768719,8.371484884959209
S2_day_ahead,4,horizon,2026-06,139.73773252664367,129.3146393127024,7.45903989243127
S2_day_ahead,4,horizon,2026-07,129.16885098945812,118.4944935061224,8.263878947260197
S2_day_ahead,4,horizon,2026-08,131.74122330722022,120.24185450519647,8.728755140831849
S2_day_ahead,4,oracle,2025-09,113.39195239621272,106.15157962266389,6.385261582100296
S2_day_ahead,4,oracle,2025-10,135.91931148594293,131.14996538437563,3.5089539885291057
S2_day_ahead,4,oracle,2025-11,121.75382544791883,114.47489579905971,5.97839913619202
S2_day_ahead,4,oracle,2025-12,114.31495211302493,109.72650924893725,4.013860636140597
S2_day_ahead,4,oracle,2026-01,139.23335777394612,134.01010094272203,3.75144068543141
S2_day_ahead,4,oracle,2026-02,131.89952563505796,125.59548802890707,4.779424016726954
S2_day_ahead,4,oracle,2026-03,117.56727356483798,109.67654634834479,6.711669818677455
S2_day_ahead,4,oracle,2026-04,96.52764462666944,88.86985559526224,7.933260011703889
S2_day_ahead,4,oracle,2026-05,128.00302775880576,116.20153351254383,9.219699293753667
S2_day_ahead,4,oracle,2026-06,139.73773252664367,128.32163543124247,8.169659610888921
S2_day_ahead,4,oracle,2026-07,129.16885098945812,116.80420666044058,9.572465988744186
S2_day_ahead,4,oracle,2026-08,131.74122330722022,118.98176223750609,9.685245627300047
S2_day_ahead,12,threshold,2025-09,113.39195239621351,105.77758625484225,6.715085136522907
S2_day_ahead,12,threshold,2025-10,135.91931148594352,133.7538726372919,1.5931796776910374
S2_day_ahead,12,threshold,2025-11,121.75382544791934,120.35290002064343,1.150621282018904
S2_day_ahead,12,threshold,2025-12,114.31495211302567,116.7724815738538,-2.149788295758821
S2_day_ahead,12,threshold,2026-01,139.2333577739469,138.46848473605883,0.5493461122512606
S2_day_ahead,12,threshold,2026-02,131.89952563505884,131.87539849455163,0.018292060104870552
S2_day_ahead,12,threshold,2026-03,117.567273564839,111.21624710847091,5.40203601205863
S2_day_ahead,12,threshold,2026-04,96.52764462667004,87.8001485301462,9.041447276868993
S2_day_ahead,12,threshold,2026-05,128.00302775880684,115.07459096790376,10.100102331379093
S2_day_ahead,12,threshold,2026-06,139.7377325266445,124.13540168431973,11.165438683034152
S2_day_ahead,12,threshold,2026-07,129.16885098945912,113.28120266877991,12.299906826589115
S2_day_ahead,12,threshold,2026-08,131.74122330722145,115.80805181504671,12.094294475327946
S2_day_ahead,12,percentile,2025-09,113.39195239621351,109.28898850120487,3.618390730827254
S2_day_ahead,12,percentile,2025-10,135.91931148594352,136.71158097037323,-0.5828969230113004
S2_day_ahead,12,percentile,2025-11,121.75382544791934,121.73308084217666,0.017038155200759155
S2_day_ahead,12,percentile,2025-12,114.31495211302567,117.26740858010793,-2.5827386641102725
S2_day_ahead,12,percentile,2026-01,139.2333577739469,139.19230040789466,0.029488167712573444
S2_day_ahead,12,percentile,2026-02,131.89952563505884,131.4455147208931,0.3442096641210811
S2_day_ahead,12,percentile,2026-03,117.567273564839,111.21982936667922,5.398989026192844
S2_day_ahead,12,percentile,2026-04,96.52764462667004,89.00843385062765,7.78969672897713
S2_day_ahead,12,percentile,2026-05,128.00302775880684,115.2751033670746,9.94345572490298
S2_day_ahead,12,percentile,2026-06,139.7377325266445,127.42808368393531,8.809108764064163
S2_day_ahead,12,percentile,2026-07,129.16885098945912,116.53361916152149,9.78194954212973
S2_day_ahead,12,percentile,2026-08,131.74122330722145,117.0552559112042,11.147586933946613
S2_day_ahead,12,capacitycurve,2025-09,113.39195239621351,106.23219245487397,6.314169383310336
S2_day_ahead,12,capacitycurve,2025-10,135.91931148594352,133.02981394031403,2.1258918354131904
S2_day_ahead,12,capacitycurve,2025-11,121.75382544791934,119.56108515067797,1.8009621374724893
S2_day_ahead,12,capacitycurve,2025-12,114.31495211302567,113.65724278048154,0.5753484740070032
S2_day_ahead,12,capacitycurve,2026-01,139.2333577739469,138.24212550651654,0.711921541847514
S2_day_ahead,12,capacitycurve,2026-02,131.89952563505884,129.29517245628236,1.9744977597434525
S2_day_ahead,12,capacitycurve,2026-03,117.567273564839,110.30818859830065,6.174409549894791
S2_day_ahead,12,capacitycurve,2026-04,96.52764462667004,87.11507802274699,9.751161587260377
S2_day_ahead,12,capacitycurve,2026-05,128.00302775880684,113.40273413939045,11.406209583516562
S2_day_ahead,12,capacitycurve,2026-06,139.7377325266445,123.51467932677865,11.609643942642704
S2_day_ahead,12,capacitycurve,2026-07,129.16885098945912,112.90995421985632,12.587320120180998
S2_day_ahead,12,capacitycurve,2026-08,131.74122330722145,113.60367350299389,13.767558360932075
S2_day_ahead,12,lyapunov,2025-09,113.39195239621351,105.55150408707489,6.914466276885835
S2_day_ahead,12,lyapunov,2025-10,135.91931148594352,131.25184623730001,3.4339971249237884
S2_day_ahead,12,lyapunov,2025-11,121.75382544791934,119.21821641241459,2.0825703226789902
S2_day_ahead,12,lyapunov,2025-12,114.31495211302567,114.57506419886023,-0.22753986335696955
S2_day_ahead,12,lyapunov,2026-01,139.2333577739469,137.8017507483973,1.028206924287418
S2_day_ahead,12,lyapunov,2026-02,131.89952563505884,131.39784977772442,0.38034697616916513
S2_day_ahead,12,lyapunov,2026-03,117.567273564839,110.43504842407172,6.066505520206534
S2_day_ahead,12,lyapunov,2026-04,96.52764462667004,89.38138298995698,7.403331620026489
S2_day_ahead,12,lyapunov,2026-05,128.00302775880684,116.48386732617244,8.999131219254972
S2_day_ahead,12,lyapunov,2026-06,139.7377325266445,124.95983428852253,10.575453008230392
S2_day_ahead,12,lyapunov,2026-07,129.16885098945912,113.81637269404295,11.88558865222778
S2_day_ahead,12,lyapunov,2026-08,131.74122330722145,116.6501167713583,11.45511340870927
S2_day_ahead,12,horizon,2025-09,113.39195239621351,104.65350054802026,7.7064127246521
S2_day_ahead,12,horizon,2025-10,135.91931148594352,131.36508854808898,3.3506812888215185
S2_day_ahead,12,horizon,2025-11,121.75382544791934,115.95411395058227,4.763473735630525
S2_day_ahead,12,horizon,2025-12,114.31495211302567,113.46547048264092,0.7431063169626695
S2_day_ahead,12,horizon,2026-01,139.2333577739469,137.38296766707936,1.3289847608729997
S2_day_ahead,12,horizon,2026-02,131.89952563505884,127.81988017398996,3.092994793898266
S2_day_ahead,12,horizon,2026-03,117.567273564839,107.81151251332946,8.298024403984483
S2_day_ahead,12,horizon,2026-04,96.52764462667004,85.79544331068125,11.118267059655926
S2_day_ahead,12,horizon,2026-05,128.00302775880684,111.49668580880817,12.895274618895103
S2_day_ahead,12,horizon,2026-06,139.7377325266445,122.8835071782169,12.061327347796997
S2_day_ahead,12,horizon,2026-07,129.16885098945912,112.01296661275182,13.281750395153166
S2_day_ahead,12,horizon,2026-08,131.74122330722145,113.15821252732859,14.105691683579671
S2_day_ahead,12,oracle,2025-09,113.39195239621351,101.79225448079063,10.229736476263572
S2_day_ahead,12,oracle,2025-10,135.91931148594352,128.60708802280982,5.379826739256194
S2_day_ahead,12,oracle,2025-11,121.75382544791934,112.20168248666309,7.845456129296091
S2_day_ahead,12,oracle,2025-12,114.31495211302567,108.80838274498215,4.8170158551079565
S2_day_ahead,12,oracle,2026-01,139.2333577739469,131.87403522278237,5.285603011250217
S2_day_ahead,12,oracle,2026-02,131.89952563505884,123.45815600718862,6.399848359747629
S2_day_ahead,12,oracle,2026-03,117.567273564839,105.25318236473522,10.474080776664847
S2_day_ahead,12,oracle,2026-04,96.52764462667004,83.33530769762066,13.666900275120158
S2_day_ahead,12,oracle,2026-05,128.00302775880684,109.51325689519695,14.444791804807727
S2_day_ahead,12,oracle,2026-06,139.7377325266445,120.48067472354005,13.780857507067825
S2_day_ahead,12,oracle,2026-07,129.16885098945912,108.84631508137441,15.733310122688273
S2_day_ahead,12,oracle,2026-08,131.74122330722145,110.96591517967835,15.769785345848
S2_day_ahead,24,threshold,2025-09,113.39195239621392,104.95941436203341,7.436628310901247
S2_day_ahead,24,threshold,2025-10,135.91931148594418,132.97288524757985,2.167776018103964
S2_day_ahead,24,threshold,2025-11,121.7538254479202,120.16911119820845,1.3015724507067812
S2_day_ahead,24,threshold,2025-12,114.31495211302591,115.72440232973315,-1.2329535119025243
S2_day_ahead,24,threshold,2026-01,139.2333577739475,136.92827032325957,1.6555568920706123
S2_day_ahead,24,threshold,2026-02,131.89952563505892,131.0645185194274,0.6330630164219344
S2_day_ahead,24,threshold,2026-03,117.5672735648397,111.32183032142972,5.31222937645615
S2_day_ahead,24,threshold,2026-04,96.52764462667042,86.92596739002727,9.947075030970174
S2_day_ahead,24,threshold,2026-05,128.00302775880726,114.62958742859145,10.447753123008182
S2_day_ahead,24,threshold,2026-06,139.73773252664483,123.83818347976343,11.378135854501375
S2_day_ahead,24,threshold,2026-07,129.16885098945974,111.81011111086093,13.438797160172383
S2_day_ahead,24,threshold,2026-08,131.74122330722176,116.01651515008646,11.936057493913754
S2_day_ahead,24,percentile,2025-09,113.39195239621392,109.44920642724381,3.477095054500323
S2_day_ahead,24,percentile,2025-10,135.91931148594418,136.35756857508727,-0.322439162140999
S2_day_ahead,24,percentile,2025-11,121.7538254479202,121.34018818257474,0.3397324591845398
S2_day_ahead,24,percentile,2025-12,114.31495211302591,116.08012652859594,-1.5441325766595781
S2_day_ahead,24,percentile,2026-01,139.2333577739475,138.13027387729855,0.7922554726000742
S2_day_ahead,24,percentile,2026-02,131.89952563505892,130.77639239978976,0.8515066524019674
S2_day_ahead,24,percentile,2026-03,117.5672735648397,111.60175541958603,5.074131571115849
S2_day_ahead,24,percentile,2026-04,96.52764462667042,88.93696496502032,7.863736539939159
S2_day_ahead,24,percentile,2026-05,128.00302775880726,116.41630766225677,9.051910958218148
S2_day_ahead,24,percentile,2026-06,139.73773252664483,129.1304304367575,7.590864613367584
S2_day_ahead,24,percentile,2026-07,129.16885098945974,118.33237462011512,8.38938822040686
S2_day_ahead,24,percentile,2026-08,131.74122330722176,118.41387134794019,10.11631107159379
S2_day_ahead,24,capacitycurve,2025-09,113.39195239621392,105.48064086286365,6.976960327578261
S2_day_ahead,24,capacitycurve,2025-10,135.91931148594418,132.69410654101094,2.3728820501469117
S2_day_ahead,24,capacitycurve,2025-11,121.7538254479202,119.31451077637149,2.0034809276626167
S2_day_ahead,24,capacitycurve,2025-12,114.31495211302591,113.30400386611498,0.884353471023965
S2_day_ahead,24,capacitycurve,2026-01,139.2333577739475,137.96998996443946,0.9073743747235976
S2_day_ahead,24,capacitycurve,2026-02,131.89952563505892,129.33034743413137,1.9478297503783173
S2_day_ahead,24,capacitycurve,2026-03,117.5672735648397,110.10550202660265,6.346810053498257
S2_day_ahead,24,capacitycurve,2026-04,96.52764462667042,86.73481123668408,10.145107578104726
S2_day_ahead,24,capacitycurve,2026-05,128.00302775880726,112.95348055201907,11.757180646652872
S2_day_ahead,24,capacitycurve,2026-06,139.73773252664483,123.27898361458512,11.778313998991937
S2_day_ahead,24,capacitycurve,2026-07,129.16885098945974,112.92264558276884,12.577494715050616
S2_day_ahead,24,capacitycurve,2026-08,131.74122330722176,113.32169213011097,13.981600227102998
S2_day_ahead,24,lyapunov,2025-09,113.39195239621392,105.69446854147651,6.788386381990215
S2_day_ahead,24,lyapunov,2025-10,135.91931148594418,129.25989832552705,4.8995342071798245
S2_day_ahead,24,lyapunov,2025-11,121.7538254479202,117.2871070523493,3.6686472717701437
S2_day_ahead,24,lyapunov,2025-12,114.31495211302591,111.26351926682361,2.669320845435231
S2_day_ahead,24,lyapunov,2026-01,139.2333577739475,136.15640034719115,2.209928336104582
S2_day_ahead,24,lyapunov,2026-02,131.89952563505892,129.24268719141563,2.014289612378338
S2_day_ahead,24,lyapunov,2026-03,117.5672735648397,109.28039369705442,7.048628088849032
S2_day_ahead,24,lyapunov,2026-04,96.52764462667042,90.97358373904642,5.7538551873971935
S2_day_ahead,24,lyapunov,2026-05,128.00302775880726,117.03672255404081,8.56722328899124
S2_day_ahead,24,lyapunov,2026-06,139.73773252664483,125.91331198571271,9.893119267765504
S2_day_ahead,24,lyapunov,2026-07,129.16885098945974,115.13000307911884,10.868601681288071
S2_day_ahead,24,lyapunov,2026-08,131.74122330722176,117.42852487094677,10.86425196075312
S2_day_ahead,24,horizon,2025-09,113.39195239621392,104.46357683145517,7.873905842595638
S2_day_ahead,24,horizon,2025-10,135.91931148594418,131.05954058901065,3.575482279746605
S2_day_ahead,24,horizon,2025-11,121.7538254479202,115.47263305014809,5.158928168921374
S2_day_ahead,24,horizon,2025-12,114.31495211302591,112.98204448378478,1.165995877707456
S2_day_ahead,24,horizon,2026-01,139.2333577739475,137.14500321575207,1.499895277671871
S2_day_ahead,24,horizon,2026-02,131.89952563505892,127.4985902853248,3.3365816355630296
S2_day_ahead,24,horizon,2026-03,117.5672735648397,107.91615298785126,8.209019639862388
S2_day_ahead,24,horizon,2026-04,96.52764462667042,85.8509899127625,11.06072229898582
S2_day_ahead,24,horizon,2026-05,128.00302775880726,111.42128051313429,12.954183612685727
S2_day_ahead,24,horizon,2026-06,139.73773252664483,122.66046413637044,12.220942820163586
S2_day_ahead,24,horizon,2026-07,129.16885098945974,111.71804920113489,13.510069691452816
S2_day_ahead,24,horizon,2026-08,131.74122330722176,113.12759661398475,14.128931116595037
S2_day_ahead,24,oracle,2025-09,113.39195239621392,100.39011536490494,11.4662784761638
S2_day_ahead,24,oracle,2025-10,135.91931148594418,128.01249724647917,5.817285382793213
S2_day_ahead,24,oracle,2025-11,121.7538254479202,110.73896706775966,9.046827349890634
S2_day_ahead,24,oracle,2025-12,114.31495211302591,107.56213684761616,5.907202111875166
S2_day_ahead,24,oracle,2026-01,139.2333577739475,130.14828497415843,6.525069096257194
S2_day_ahead,24,oracle,2026-02,131.89952563505892,122.26606712168379,7.303633934233465
S2_day_ahead,24,oracle,2026-03,117.5672735648397,103.41836291049569,12.034735709458058
S2_day_ahead,24,oracle,2026-04,96.52764462667042,82.45721540362675,14.576579877673757
S2_day_ahead,24,oracle,2026-05,128.00302775880726,108.45606586919604,15.270702757471527
S2_day_ahead,24,oracle,2026-06,139.73773252664483,119.56670619251996,14.434917448140727
S2_day_ahead,24,oracle,2026-07,129.16885098945974,107.90338269686428,16.463309946397782
S2_day_ahead,24,oracle,2026-08,131.74122330722176,109.95563297200623,16.536654046707408
