policy,B_h,fair_lambda,utilisation,work_carbon_intensity,facility_carbon_gCO2,deadline_violation_pct,mean_delay_h,tenant_jain,tenant_spread_gCO2_kWh,worst_tenant_intensity,best_tenant_intensity,saving_pct
agnostic,4,0.0,0.8186914964880943,129.58187191558653,2078978.8299548822,0.0,0.6499328998461794,0.9999394728936025,2.906981706029484,132.14848811943955,129.24150641341006,0.0
threshold,4,0.0,0.8186914964880943,126.07446396796924,2059487.1584299884,0.6560611000848002,2.687153654414045,0.9999094268226418,3.4602478079464873,129.12979859767776,125.66955078973128,2.706711900181628
percentile,4,0.0,0.8186914964880943,127.11772563298683,2062883.8738837335,0.8771470521735707,3.210342685122092,0.9999249355241738,3.1759669448040313,129.92212846784352,126.74616152303949,1.901613432629618
capacitycurve,4,0.0,0.8186914964880943,124.44856442371214,2052275.5329526854,0.625814885353093,3.074128349362227,0.9998795768227938,3.938884751613685,127.92642694859278,123.98754219697909,3.9614395254440984
horizon,4,0.0,0.8186914964880943,124.54930699428566,2054807.1624346224,0.2652623627343482,3.1204790401565496,0.9999404007031311,2.7725737610232244,126.9972672329805,124.22469347195728,3.8836951858352813
lyapunov,4,0.0,0.8186914964880943,126.0640676488098,2059451.3600021019,0.6541833913181702,2.6824528475917515,0.9999093536220856,3.461361334286451,129.12038477935408,125.65902344506763,2.7147348736159156
oracle,4,0.0,0.8186914964880943,122.65626949140123,2045720.2947596393,0.37101504265963564,3.1316404618941833,0.9999079672854696,3.3934619636910384,125.65244488288715,122.25898291919611,5.344576615390186
agnostic,12,0.0,0.8186914964880943,129.58187191558528,2078978.8299548822,0.0,3.8096079663031404,0.9995511006182742,5.5305080825617665,132.14933901994985,126.61883093738808,0.0
threshold,12,0.0,0.8186914964880943,123.36636441345797,2050812.976122225,0.03893614851988944,8.771653049196,0.9995276315678429,7.353451001215532,129.2417212685522,121.88827026733667,4.79658721566882
percentile,12,0.0,0.8186914964880943,125.0746089972783,2058369.9418382104,0.060566750496296166,10.217751188745554,0.9996804446744366,7.089862638123407,129.9646437558612,122.8747811177378,3.4783128624991515
capacitycurve,12,0.0,0.8186914964880943,122.17859665369893,2045302.2243274725,0.01790234009720733,10.755746551812916,0.9996620726557194,7.050829976946559,127.39902904017075,120.34819906322419,5.7132028982488645
horizon,12,0.0,0.8186914964880943,120.89225184789598,2039788.1322977508,0.0006569432232716726,10.529861449769706,0.9997050275520016,6.286328067294207,125.57842979415662,119.29210172686241,6.705891757259121
lyapunov,12,0.0,0.8186914964880943,123.06384074453246,2049473.3234275635,0.035285458507657866,8.51475602422638,0.9994591666411602,7.755472840915516,129.23788419293223,121.48241135201671,5.0300486284832555
oracle,12,0.0,0.8186914964880943,118.83851159700609,2030548.9812817215,0.002058930136955854,10.434325055483539,0.9996338744590861,6.849105731212433,124.2360897426073,117.38698401139487,8.290789567832327
agnostic,24,0.0,0.8186914964880943,129.58187191558886,2078978.8299548822,0.0,12.531233710784301,0.9990404271670131,9.224076756345866,132.14933901994985,122.92526226360398,0.0
threshold,24,0.0,0.8186914964880943,122.1212081747351,2045420.4893011125,0.0016912302332208896,19.566645761206985,0.9990728814399746,11.255217812503403,129.30721104406078,118.05199323155738,5.757490326821118
percentile,24,0.0,0.8186914964880943,124.65056589670633,2056794.2924114089,0.0016912302332208896,21.596079424459674,0.9996070964976723,7.2861902326018395,130.0441389288938,122.75794869629196,3.8055523862896865
capacitycurve,24,0.0,0.8186914964880943,121.96248688035378,2044317.6976158544,0.0036667592662194427,22.631078599729047,0.9996285221469126,7.402174816665848,127.44281104308334,120.04063622641749,5.879977594549985
horizon,24,0.0,0.8186914964880943,119.40638575932421,2033033.1374700703,0.0,22.072340732284864,0.9994391990792715,8.063911466505076,125.94897404643397,117.8850625799289,7.852553760678102
lyapunov,24,0.0,0.8186914964880943,121.18248138777243,2041204.8113653867,0.0006801908669375271,18.57136565273766,0.9986087350565448,13.514960401787206,129.33384278447235,115.81888238268515,6.4819178822234464
oracle,24,0.0,0.8186914964880943,117.68667547118562,2025311.1594934054,3.920850322702741e-05,22.023770063120285,0.9993218996889094,9.03704390262213,124.75918095569416,115.72213705307203,9.179676345586293
