policy,B_h,fair_lambda,utilisation,work_carbon_intensity,facility_carbon_gCO2,deadline_violation_pct,mean_delay_h,tenant_jain,tenant_spread_gCO2_kWh,worst_tenant_intensity,best_tenant_intensity,saving_pct,workload,arrival_cv
threshold,12,0.0,0.8186914964880943,123.36636441345797,2050812.976122225,0.03893614851988944,8.771653049196,0.9995276315678429,7.353451001215532,129.2417212685522,121.88827026733667,4.79658721566882,trace,0.4624809139193444
horizon,12,0.0,0.8186914964880943,120.89225184789598,2039788.1322977508,0.0006569432232716726,10.529861449769706,0.9997050275520016,6.286328067294207,125.57842979415662,119.29210172686241,6.705891757259121,trace,0.4624809139193444
oracle,12,0.0,0.8186914964880943,118.83851159700609,2030548.9812817215,0.002058930136955854,10.434325055483539,0.9996338744590861,6.849105731212433,124.2360897426073,117.38698401139487,8.290789567832327,trace,0.4624809139193444
threshold,24,0.0,0.8186914964880943,122.1212081747351,2045420.4893011125,0.0016912302332208896,19.566645761206985,0.9990728814399746,11.255217812503403,129.30721104406078,118.05199323155738,5.757490326821118,trace,0.4624809139193444
horizon,24,0.0,0.8186914964880943,119.40638575932421,2033033.1374700703,0.0,22.072340732284864,0.9994391990792715,8.063911466505076,125.94897404643397,117.8850625799289,7.852553760678102,trace,0.4624809139193444
oracle,24,0.0,0.8186914964880943,117.68667547118562,2025311.1594934054,3.920850322702741e-05,22.023770063120285,0.9993218996889094,9.03704390262213,124.75918095569416,115.72213705307203,9.179676345586293,trace,0.4624809139193444
threshold,12,0.0,0.8501789133456151,124.53380594202092,2083740.97914142,1.1443880606267174,8.98181340007562,0.999628358614064,6.417176186391387,128.99725610700622,122.58007992061484,4.8518465633743135,ai_training,0.6463964912844327
horizon,12,0.0,0.8501789133456151,124.08913415990428,2085503.8198130787,0.47379506216974915,10.669727329443848,0.999907376832144,3.5068490305073396,126.63670490225878,123.12985587175145,5.191591250639957,ai_training,0.6463964912844327
oracle,12,0.0,0.8501789133456151,122.51630900635314,2078193.6236450383,0.447746601122212,10.638641094916526,0.999868703911653,4.169798655113908,125.64463379039928,121.47483513528537,6.393284300226355,ai_training,0.6463964912844327
threshold,24,0.0,0.8501789133456151,123.23337812429597,2077622.7680884032,1.141613982652328,19.904045067353618,0.9992175939987674,9.897530149740334,128.89292561788116,118.99539546814083,5.845418586484809,ai_training,0.6463964912844327
horizon,24,0.0,0.8501789133456151,122.83125927183309,2079995.6682362123,0.384928215985503,22.381791349204473,0.9997928912032482,5.414604562537335,126.57408084316043,121.1594762806231,6.152651357414268,ai_training,0.6463964912844327
oracle,24,0.0,0.8501789133456151,121.40371630075428,2073478.2378111035,0.34247965245689976,22.34601247423196,0.9997260114913828,6.154637247507097,125.74788661038936,119.59324936288226,7.243343773199237,ai_training,0.6463964912844327
